--------------------------------------------------------
--  파일이 생성됨 - 토요일-11월-05-2022   
--------------------------------------------------------
--------------------------------------------------------
--  DDL for Sequence SEQ_BOARD
--------------------------------------------------------

   CREATE SEQUENCE  "CETUS"."SEQ_BOARD"  MINVALUE 1 MAXVALUE 9999999999999999999999999999 INCREMENT BY 1 START WITH 701 CACHE 20 NOORDER  NOCYCLE ;
--------------------------------------------------------
--  DDL for Sequence SEQ_NOTICE
--------------------------------------------------------

   CREATE SEQUENCE  "CETUS"."SEQ_NOTICE"  MINVALUE 1 MAXVALUE 9999999999999999999999999999 INCREMENT BY 1 START WITH 441 CACHE 20 NOORDER  NOCYCLE ;
--------------------------------------------------------
--  DDL for Sequence SEQ_REPLY
--------------------------------------------------------

   CREATE SEQUENCE  "CETUS"."SEQ_REPLY"  MINVALUE 1 MAXVALUE 9999999999999999999999999999 INCREMENT BY 1 START WITH 201 CACHE 20 NOORDER  NOCYCLE ;
--------------------------------------------------------
--  DDL for Sequence SEQ_TESTMEMBER
--------------------------------------------------------

   CREATE SEQUENCE  "CETUS"."SEQ_TESTMEMBER"  MINVALUE 1 MAXVALUE 9999999999999999999999999999 INCREMENT BY 1 START WITH 21 CACHE 20 NOORDER  NOCYCLE ;
--------------------------------------------------------
--  DDL for Table BOOK
--------------------------------------------------------

  CREATE TABLE "CETUS"."BOOK" 
   (	"ID" NUMBER, 
	"NAME" VARCHAR2(20 BYTE), 
	"PRICE" NUMBER, 
	"BDATE" DATE
   ) SEGMENT CREATION IMMEDIATE 
  PCTFREE 10 PCTUSED 40 INITRANS 1 MAXTRANS 255 NOCOMPRESS LOGGING
  STORAGE(INITIAL 65536 NEXT 1048576 MINEXTENTS 1 MAXEXTENTS 2147483645
  PCTINCREASE 0 FREELISTS 1 FREELIST GROUPS 1 BUFFER_POOL DEFAULT FLASH_CACHE DEFAULT CELL_FLASH_CACHE DEFAULT)
  TABLESPACE "SYSTEM" ;
--------------------------------------------------------
--  DDL for Table PERSISTENT_LOGINS
--------------------------------------------------------

  CREATE TABLE "CETUS"."PERSISTENT_LOGINS" 
   (	"USERNAME" VARCHAR2(64 BYTE), 
	"SERIES" VARCHAR2(64 BYTE), 
	"TOKEN" VARCHAR2(64 BYTE), 
	"LAST_USED" TIMESTAMP (6)
   ) SEGMENT CREATION IMMEDIATE 
  PCTFREE 10 PCTUSED 40 INITRANS 1 MAXTRANS 255 NOCOMPRESS LOGGING
  STORAGE(INITIAL 65536 NEXT 1048576 MINEXTENTS 1 MAXEXTENTS 2147483645
  PCTINCREASE 0 FREELISTS 1 FREELIST GROUPS 1 BUFFER_POOL DEFAULT FLASH_CACHE DEFAULT CELL_FLASH_CACHE DEFAULT)
  TABLESPACE "SYSTEM" ;
--------------------------------------------------------
--  DDL for Table TBL_ATTACH
--------------------------------------------------------

  CREATE TABLE "CETUS"."TBL_ATTACH" 
   (	"UUID" VARCHAR2(200 BYTE), 
	"UPLOADPATH" VARCHAR2(200 BYTE), 
	"FILENAME" VARCHAR2(200 BYTE), 
	"FILETYPE" CHAR(1 BYTE), 
	"BNO" NUMBER(10,0)
   ) SEGMENT CREATION IMMEDIATE 
  PCTFREE 10 PCTUSED 40 INITRANS 1 MAXTRANS 255 NOCOMPRESS LOGGING
  STORAGE(INITIAL 65536 NEXT 1048576 MINEXTENTS 1 MAXEXTENTS 2147483645
  PCTINCREASE 0 FREELISTS 1 FREELIST GROUPS 1 BUFFER_POOL DEFAULT FLASH_CACHE DEFAULT CELL_FLASH_CACHE DEFAULT)
  TABLESPACE "SYSTEM" ;
--------------------------------------------------------
--  DDL for Table TBL_BOARD
--------------------------------------------------------

  CREATE TABLE "CETUS"."TBL_BOARD" 
   (	"BNO" NUMBER, 
	"NICKNAME" VARCHAR2(50 BYTE), 
	"TITLE" VARCHAR2(4000 BYTE), 
	"FILESIZE" NUMBER, 
	"CONTENT" VARCHAR2(2000 BYTE), 
	"HIT" NUMBER, 
	"FILENAME" VARCHAR2(2000 BYTE), 
	"CATECODE" VARCHAR2(50 BYTE), 
	"REG_DATE" DATE, 
	"UPDATE_DATE" DATE, 
	"RECOMENDCOUNT" NUMBER, 
	"PRICE" NUMBER, 
	"ID" VARCHAR2(50 BYTE), 
	"CATECODEREF" VARCHAR2(50 BYTE), 
	"REPLYCNT" NUMBER DEFAULT 0, 
	"FAVORITE_CNT" NUMBER DEFAULT '0'
   ) SEGMENT CREATION IMMEDIATE 
  PCTFREE 10 PCTUSED 40 INITRANS 1 MAXTRANS 255 NOCOMPRESS LOGGING
  STORAGE(INITIAL 65536 NEXT 1048576 MINEXTENTS 1 MAXEXTENTS 2147483645
  PCTINCREASE 0 FREELISTS 1 FREELIST GROUPS 1 BUFFER_POOL DEFAULT FLASH_CACHE DEFAULT CELL_FLASH_CACHE DEFAULT)
  TABLESPACE "SYSTEM" ;

   COMMENT ON COLUMN "CETUS"."TBL_BOARD"."BNO" IS '순번';
   COMMENT ON COLUMN "CETUS"."TBL_BOARD"."NICKNAME" IS '닉네임';
   COMMENT ON COLUMN "CETUS"."TBL_BOARD"."TITLE" IS '제목';
   COMMENT ON COLUMN "CETUS"."TBL_BOARD"."FILESIZE" IS '용량';
   COMMENT ON COLUMN "CETUS"."TBL_BOARD"."CONTENT" IS '내용';
   COMMENT ON COLUMN "CETUS"."TBL_BOARD"."HIT" IS '조회수';
   COMMENT ON COLUMN "CETUS"."TBL_BOARD"."FILENAME" IS '파일명';
   COMMENT ON COLUMN "CETUS"."TBL_BOARD"."CATECODE" IS '분류';
   COMMENT ON COLUMN "CETUS"."TBL_BOARD"."REG_DATE" IS '작성일';
   COMMENT ON COLUMN "CETUS"."TBL_BOARD"."UPDATE_DATE" IS '수정일';
   COMMENT ON COLUMN "CETUS"."TBL_BOARD"."RECOMENDCOUNT" IS '추천수';
   COMMENT ON COLUMN "CETUS"."TBL_BOARD"."PRICE" IS '가격';
   COMMENT ON COLUMN "CETUS"."TBL_BOARD"."ID" IS '아이디';
   COMMENT ON TABLE "CETUS"."TBL_BOARD"  IS '게시판 테이블';
--------------------------------------------------------
--  DDL for Table TBL_CATEGORY
--------------------------------------------------------

  CREATE TABLE "CETUS"."TBL_CATEGORY" 
   (	"CATENAME" VARCHAR2(50 BYTE), 
	"CATECODE" VARCHAR2(50 BYTE), 
	"CATECODEREF" VARCHAR2(50 BYTE)
   ) SEGMENT CREATION IMMEDIATE 
  PCTFREE 10 PCTUSED 40 INITRANS 1 MAXTRANS 255 NOCOMPRESS LOGGING
  STORAGE(INITIAL 65536 NEXT 1048576 MINEXTENTS 1 MAXEXTENTS 2147483645
  PCTINCREASE 0 FREELISTS 1 FREELIST GROUPS 1 BUFFER_POOL DEFAULT FLASH_CACHE DEFAULT CELL_FLASH_CACHE DEFAULT)
  TABLESPACE "SYSTEM" ;

   COMMENT ON COLUMN "CETUS"."TBL_CATEGORY"."CATENAME" IS '카테고리이름';
   COMMENT ON COLUMN "CETUS"."TBL_CATEGORY"."CATECODE" IS '카테고리코드';
   COMMENT ON COLUMN "CETUS"."TBL_CATEGORY"."CATECODEREF" IS '코드참조';
   COMMENT ON TABLE "CETUS"."TBL_CATEGORY"  IS '카테고리 테이블';
--------------------------------------------------------
--  DDL for Table TBL_FAVORITE
--------------------------------------------------------

  CREATE TABLE "CETUS"."TBL_FAVORITE" 
   (	"BNO" NUMBER, 
	"CARTE" VARCHAR2(50 BYTE), 
	"TITLE" VARCHAR2(50 BYTE), 
	"FILESIZE" VARCHAR2(500 BYTE), 
	"CASH" NUMBER, 
	"ID" VARCHAR2(50 BYTE), 
	"FAVORITE_CNT" NUMBER DEFAULT '0'
   ) SEGMENT CREATION IMMEDIATE 
  PCTFREE 10 PCTUSED 40 INITRANS 1 MAXTRANS 255 NOCOMPRESS LOGGING
  STORAGE(INITIAL 65536 NEXT 1048576 MINEXTENTS 1 MAXEXTENTS 2147483645
  PCTINCREASE 0 FREELISTS 1 FREELIST GROUPS 1 BUFFER_POOL DEFAULT FLASH_CACHE DEFAULT CELL_FLASH_CACHE DEFAULT)
  TABLESPACE "SYSTEM" ;
--------------------------------------------------------
--  DDL for Table TBL_MEMBER
--------------------------------------------------------

  CREATE TABLE "CETUS"."TBL_MEMBER" 
   (	"USERID" VARCHAR2(50 BYTE), 
	"USERPW" VARCHAR2(500 BYTE), 
	"USERNAME" VARCHAR2(50 BYTE), 
	"ENABLED" CHAR(1 BYTE) DEFAULT 1, 
	"REGDATE" DATE DEFAULT sysdate, 
	"UPDATEDATE" DATE DEFAULT sysdate
   ) SEGMENT CREATION IMMEDIATE 
  PCTFREE 10 PCTUSED 40 INITRANS 1 MAXTRANS 255 NOCOMPRESS LOGGING
  STORAGE(INITIAL 65536 NEXT 1048576 MINEXTENTS 1 MAXEXTENTS 2147483645
  PCTINCREASE 0 FREELISTS 1 FREELIST GROUPS 1 BUFFER_POOL DEFAULT FLASH_CACHE DEFAULT CELL_FLASH_CACHE DEFAULT)
  TABLESPACE "SYSTEM" ;

   COMMENT ON COLUMN "CETUS"."TBL_MEMBER"."USERID" IS 'userid';
   COMMENT ON COLUMN "CETUS"."TBL_MEMBER"."USERPW" IS 'userpw';
   COMMENT ON COLUMN "CETUS"."TBL_MEMBER"."USERNAME" IS 'username';
   COMMENT ON COLUMN "CETUS"."TBL_MEMBER"."ENABLED" IS 'enabled';
   COMMENT ON COLUMN "CETUS"."TBL_MEMBER"."REGDATE" IS 'regdate';
   COMMENT ON COLUMN "CETUS"."TBL_MEMBER"."UPDATEDATE" IS 'updatedate';
   COMMENT ON TABLE "CETUS"."TBL_MEMBER"  IS 'tbl_member';
--------------------------------------------------------
--  DDL for Table TBL_MEMBER_AUTH
--------------------------------------------------------

  CREATE TABLE "CETUS"."TBL_MEMBER_AUTH" 
   (	"USERID" VARCHAR2(50 BYTE), 
	"AUTH" VARCHAR2(50 BYTE)
   ) SEGMENT CREATION IMMEDIATE 
  PCTFREE 10 PCTUSED 40 INITRANS 1 MAXTRANS 255 NOCOMPRESS LOGGING
  STORAGE(INITIAL 65536 NEXT 1048576 MINEXTENTS 1 MAXEXTENTS 2147483645
  PCTINCREASE 0 FREELISTS 1 FREELIST GROUPS 1 BUFFER_POOL DEFAULT FLASH_CACHE DEFAULT CELL_FLASH_CACHE DEFAULT)
  TABLESPACE "SYSTEM" ;

   COMMENT ON COLUMN "CETUS"."TBL_MEMBER_AUTH"."USERID" IS 'userid';
   COMMENT ON COLUMN "CETUS"."TBL_MEMBER_AUTH"."AUTH" IS 'auth';
   COMMENT ON TABLE "CETUS"."TBL_MEMBER_AUTH"  IS 'tbl_member_auth';
--------------------------------------------------------
--  DDL for Table TBL_MYDOWNFILE
--------------------------------------------------------

  CREATE TABLE "CETUS"."TBL_MYDOWNFILE" 
   (	"BNO" NUMBER, 
	"CARTE" VARCHAR2(50 BYTE), 
	"TITLE" VARCHAR2(50 BYTE), 
	"FILESIZE" VARCHAR2(500 BYTE), 
	"CASH" NUMBER, 
	"ID" VARCHAR2(50 BYTE)
   ) SEGMENT CREATION IMMEDIATE 
  PCTFREE 10 PCTUSED 40 INITRANS 1 MAXTRANS 255 NOCOMPRESS LOGGING
  STORAGE(INITIAL 65536 NEXT 1048576 MINEXTENTS 1 MAXEXTENTS 2147483645
  PCTINCREASE 0 FREELISTS 1 FREELIST GROUPS 1 BUFFER_POOL DEFAULT FLASH_CACHE DEFAULT CELL_FLASH_CACHE DEFAULT)
  TABLESPACE "SYSTEM" ;
--------------------------------------------------------
--  DDL for Table TBL_NOTICE
--------------------------------------------------------

  CREATE TABLE "CETUS"."TBL_NOTICE" 
   (	"NNO" NUMBER, 
	"NTITLE" VARCHAR2(50 BYTE), 
	"NCONTENT" VARCHAR2(2000 BYTE), 
	"NWRITER" VARCHAR2(50 BYTE), 
	"NREG_DATE" DATE
   ) SEGMENT CREATION IMMEDIATE 
  PCTFREE 10 PCTUSED 40 INITRANS 1 MAXTRANS 255 NOCOMPRESS LOGGING
  STORAGE(INITIAL 65536 NEXT 1048576 MINEXTENTS 1 MAXEXTENTS 2147483645
  PCTINCREASE 0 FREELISTS 1 FREELIST GROUPS 1 BUFFER_POOL DEFAULT FLASH_CACHE DEFAULT CELL_FLASH_CACHE DEFAULT)
  TABLESPACE "SYSTEM" ;

   COMMENT ON COLUMN "CETUS"."TBL_NOTICE"."NNO" IS '공지번호';
   COMMENT ON COLUMN "CETUS"."TBL_NOTICE"."NTITLE" IS '공지제목';
   COMMENT ON COLUMN "CETUS"."TBL_NOTICE"."NCONTENT" IS '공지내용';
   COMMENT ON COLUMN "CETUS"."TBL_NOTICE"."NWRITER" IS '공지작성자';
   COMMENT ON COLUMN "CETUS"."TBL_NOTICE"."NREG_DATE" IS '공지날짜';
   COMMENT ON TABLE "CETUS"."TBL_NOTICE"  IS '공지 테이블';
--------------------------------------------------------
--  DDL for Table TBL_REPLY
--------------------------------------------------------

  CREATE TABLE "CETUS"."TBL_REPLY" 
   (	"RNO" NUMBER, 
	"BNO" NUMBER, 
	"REPLY" VARCHAR2(2000 BYTE), 
	"REPLYER" VARCHAR2(50 BYTE), 
	"REPLY_DATE" DATE, 
	"REPLY_UPDATEDATE" DATE
   ) SEGMENT CREATION IMMEDIATE 
  PCTFREE 10 PCTUSED 40 INITRANS 1 MAXTRANS 255 NOCOMPRESS LOGGING
  STORAGE(INITIAL 65536 NEXT 1048576 MINEXTENTS 1 MAXEXTENTS 2147483645
  PCTINCREASE 0 FREELISTS 1 FREELIST GROUPS 1 BUFFER_POOL DEFAULT FLASH_CACHE DEFAULT CELL_FLASH_CACHE DEFAULT)
  TABLESPACE "SYSTEM" ;

   COMMENT ON COLUMN "CETUS"."TBL_REPLY"."RNO" IS '댓글 순번';
   COMMENT ON COLUMN "CETUS"."TBL_REPLY"."BNO" IS '순번';
   COMMENT ON COLUMN "CETUS"."TBL_REPLY"."REPLY" IS '댓글 내용';
   COMMENT ON COLUMN "CETUS"."TBL_REPLY"."REPLYER" IS '댓글 작성자';
   COMMENT ON COLUMN "CETUS"."TBL_REPLY"."REPLY_DATE" IS '댓글 작성일';
   COMMENT ON COLUMN "CETUS"."TBL_REPLY"."REPLY_UPDATEDATE" IS '댓글 수정일';
   COMMENT ON TABLE "CETUS"."TBL_REPLY"  IS '댓글 테이블';
--------------------------------------------------------
--  DDL for Table TBL_TEMP
--------------------------------------------------------

  CREATE TABLE "CETUS"."TBL_TEMP" 
   (	"FILESIZE" NUMBER, 
	"PRICE" NUMBER
   ) SEGMENT CREATION IMMEDIATE 
  PCTFREE 10 PCTUSED 40 INITRANS 1 MAXTRANS 255 NOCOMPRESS LOGGING
  STORAGE(INITIAL 65536 NEXT 1048576 MINEXTENTS 1 MAXEXTENTS 2147483645
  PCTINCREASE 0 FREELISTS 1 FREELIST GROUPS 1 BUFFER_POOL DEFAULT FLASH_CACHE DEFAULT CELL_FLASH_CACHE DEFAULT)
  TABLESPACE "SYSTEM" ;
--------------------------------------------------------
--  DDL for Table TBL_USERREG
--------------------------------------------------------

  CREATE TABLE "CETUS"."TBL_USERREG" 
   (	"ID" VARCHAR2(50 BYTE), 
	"PW" VARCHAR2(50 BYTE), 
	"RPW" VARCHAR2(50 BYTE), 
	"EMAIL" VARCHAR2(50 BYTE), 
	"ROOT" VARCHAR2(50 BYTE), 
	"ENABLED" CHAR(1 BYTE) DEFAULT 0, 
	"CASH" NUMBER DEFAULT 0
   ) SEGMENT CREATION IMMEDIATE 
  PCTFREE 10 PCTUSED 40 INITRANS 1 MAXTRANS 255 NOCOMPRESS LOGGING
  STORAGE(INITIAL 65536 NEXT 1048576 MINEXTENTS 1 MAXEXTENTS 2147483645
  PCTINCREASE 0 FREELISTS 1 FREELIST GROUPS 1 BUFFER_POOL DEFAULT FLASH_CACHE DEFAULT CELL_FLASH_CACHE DEFAULT)
  TABLESPACE "SYSTEM" ;
--------------------------------------------------------
--  DDL for Table TBL_USERREG_AUTH
--------------------------------------------------------

  CREATE TABLE "CETUS"."TBL_USERREG_AUTH" 
   (	"ID" VARCHAR2(50 BYTE), 
	"AUTH" VARCHAR2(50 BYTE)
   ) SEGMENT CREATION IMMEDIATE 
  PCTFREE 10 PCTUSED 40 INITRANS 1 MAXTRANS 255 NOCOMPRESS LOGGING
  STORAGE(INITIAL 65536 NEXT 1048576 MINEXTENTS 1 MAXEXTENTS 2147483645
  PCTINCREASE 0 FREELISTS 1 FREELIST GROUPS 1 BUFFER_POOL DEFAULT FLASH_CACHE DEFAULT CELL_FLASH_CACHE DEFAULT)
  TABLESPACE "SYSTEM" ;
--------------------------------------------------------
--  DDL for Table TEST_MEMBER
--------------------------------------------------------

  CREATE TABLE "CETUS"."TEST_MEMBER" 
   (	"MCODE" NUMBER, 
	"MNAME" VARCHAR2(20 BYTE), 
	"MID" VARCHAR2(20 BYTE), 
	"MPW" VARCHAR2(20 BYTE), 
	"MAGE" NUMBER
   ) SEGMENT CREATION IMMEDIATE 
  PCTFREE 10 PCTUSED 40 INITRANS 1 MAXTRANS 255 NOCOMPRESS LOGGING
  STORAGE(INITIAL 65536 NEXT 1048576 MINEXTENTS 1 MAXEXTENTS 2147483645
  PCTINCREASE 0 FREELISTS 1 FREELIST GROUPS 1 BUFFER_POOL DEFAULT FLASH_CACHE DEFAULT CELL_FLASH_CACHE DEFAULT)
  TABLESPACE "SYSTEM" ;
--------------------------------------------------------
--  DDL for Table TEST_STUDENT
--------------------------------------------------------

  CREATE TABLE "CETUS"."TEST_STUDENT" 
   (	"STUNO" NUMBER, 
	"NAME" VARCHAR2(20 BYTE), 
	"AGE" NUMBER, 
	"EMAIL" VARCHAR2(20 BYTE)
   ) SEGMENT CREATION IMMEDIATE 
  PCTFREE 10 PCTUSED 40 INITRANS 1 MAXTRANS 255 NOCOMPRESS LOGGING
  STORAGE(INITIAL 65536 NEXT 1048576 MINEXTENTS 1 MAXEXTENTS 2147483645
  PCTINCREASE 0 FREELISTS 1 FREELIST GROUPS 1 BUFFER_POOL DEFAULT FLASH_CACHE DEFAULT CELL_FLASH_CACHE DEFAULT)
  TABLESPACE "SYSTEM" ;
REM INSERTING into CETUS.BOOK
SET DEFINE OFF;
REM INSERTING into CETUS.PERSISTENT_LOGINS
SET DEFINE OFF;
REM INSERTING into CETUS.TBL_ATTACH
SET DEFINE OFF;
Insert into CETUS.TBL_ATTACH (UUID,UPLOADPATH,FILENAME,FILETYPE,BNO) values ('7b27d8fa-66e7-4583-ba92-929c2755483e','2022\01\09','회원가입_정규식 - 복사본.txt','0',542);
Insert into CETUS.TBL_ATTACH (UUID,UPLOADPATH,FILENAME,FILETYPE,BNO) values ('4ac73fc4-2f58-4a3b-83bd-1fdc98307b9c','2022\01\09','회원가입_정규식.txt','0',542);
Insert into CETUS.TBL_ATTACH (UUID,UPLOADPATH,FILENAME,FILETYPE,BNO) values ('bcb145ad-ee7a-492e-97b3-cfb16fb2cf76','2022\01\10','회원가입_정규식.txt','0',564);
Insert into CETUS.TBL_ATTACH (UUID,UPLOADPATH,FILENAME,FILETYPE,BNO) values ('7fa43b39-85f2-4e06-990a-35e3e8337cb9','2022\01\17','cat.gif','0',642);
Insert into CETUS.TBL_ATTACH (UUID,UPLOADPATH,FILENAME,FILETYPE,BNO) values ('68814ab5-0468-4e65-a77e-9762e0ed8380','2022\01\17','star2.gif','0',642);
Insert into CETUS.TBL_ATTACH (UUID,UPLOADPATH,FILENAME,FILETYPE,BNO) values ('85b0d7b3-8691-46af-b732-6d5abb9863e8','2022\01\10','KakaoTalk_20220105_135103444.jpg','0',564);
Insert into CETUS.TBL_ATTACH (UUID,UPLOADPATH,FILENAME,FILETYPE,BNO) values ('6ebb335e-0f51-43cf-835d-103d3d73a3aa','2022\01\10','redHat.png','0',564);
Insert into CETUS.TBL_ATTACH (UUID,UPLOADPATH,FILENAME,FILETYPE,BNO) values ('989ccb17-27a6-4a35-9c0b-220078907d63','2022\01\17','KakaoTalk_20220105_135103444.jpg','0',642);
Insert into CETUS.TBL_ATTACH (UUID,UPLOADPATH,FILENAME,FILETYPE,BNO) values ('1e37b1f9-3ed5-47a1-838b-80456cbf44c7','2022\01\13','star2.gif','0',630);
Insert into CETUS.TBL_ATTACH (UUID,UPLOADPATH,FILENAME,FILETYPE,BNO) values ('926ebea7-80aa-4bb6-a4e1-fbee004e2c5f','2022\01\20','KakaoTalk_20211018_092609662.jpg','0',642);
Insert into CETUS.TBL_ATTACH (UUID,UPLOADPATH,FILENAME,FILETYPE,BNO) values ('a39bd477-dfd8-40b6-bdd8-d3cc34b2db3e','2022\01\20','unnamed.jpg','0',642);
Insert into CETUS.TBL_ATTACH (UUID,UPLOADPATH,FILENAME,FILETYPE,BNO) values ('dac1afe7-f3d9-4185-b9cb-cf5ac20f5f6a','2022\01\20','KakaoTalk_20211018_092609662.jpg','0',642);
Insert into CETUS.TBL_ATTACH (UUID,UPLOADPATH,FILENAME,FILETYPE,BNO) values ('917190de-4721-4158-a2c4-b70fa216664f','2022\01\20','KakaoTalk_20211018_092609662.jpg','0',642);
Insert into CETUS.TBL_ATTACH (UUID,UPLOADPATH,FILENAME,FILETYPE,BNO) values ('794486e6-55f6-4478-b6a9-01fc27693ab9','2022\01\20','unnamed.jpg','0',642);
Insert into CETUS.TBL_ATTACH (UUID,UPLOADPATH,FILENAME,FILETYPE,BNO) values ('9c202827-4a3c-44bd-afaf-5059a42d5c30','2022\01\20','KakaoTalk_20211018_092609662.jpg','0',642);
Insert into CETUS.TBL_ATTACH (UUID,UPLOADPATH,FILENAME,FILETYPE,BNO) values ('a54b5bc7-7fc0-4fe4-bbeb-291fe9ffd6a5','2022\01\20','KakaoTalk_20211207_174632265.mp4','0',642);
Insert into CETUS.TBL_ATTACH (UUID,UPLOADPATH,FILENAME,FILETYPE,BNO) values ('76a2920f-1b40-4727-ae71-1826882af5fc','2022\01\20','시안 1.PNG','0',642);
Insert into CETUS.TBL_ATTACH (UUID,UPLOADPATH,FILENAME,FILETYPE,BNO) values ('fc3d5f77-fa87-45ca-abce-5d7d5f30cf81','2022\01\20','시안 1aa.png','0',642);
Insert into CETUS.TBL_ATTACH (UUID,UPLOADPATH,FILENAME,FILETYPE,BNO) values ('b2b8bd16-3948-436d-b9fe-bbb218038ab7','2022\01\20','쿠키_문제162.txt','0',642);
Insert into CETUS.TBL_ATTACH (UUID,UPLOADPATH,FILENAME,FILETYPE,BNO) values ('4d5391ec-3df6-45f8-9b07-1f7202bfd721','2022\01\20','football.mp4','0',642);
Insert into CETUS.TBL_ATTACH (UUID,UPLOADPATH,FILENAME,FILETYPE,BNO) values ('95055431-e939-4f46-aa6c-1340660aa435','2022\01\20','sky.mp4','0',643);
Insert into CETUS.TBL_ATTACH (UUID,UPLOADPATH,FILENAME,FILETYPE,BNO) values ('0839ece0-bcb6-440f-9342-546e137ce4e0','2022\01\20','fileIcon.png','0',645);
Insert into CETUS.TBL_ATTACH (UUID,UPLOADPATH,FILENAME,FILETYPE,BNO) values ('1095f4cb-fa56-4e70-a23c-f101520b8798','2022\01\20','common_icon.gif','0',645);
Insert into CETUS.TBL_ATTACH (UUID,UPLOADPATH,FILENAME,FILETYPE,BNO) values ('ff47844e-e09a-4806-b01e-9fa82332953a','2022\01\20','LHK.mp4','0',647);
Insert into CETUS.TBL_ATTACH (UUID,UPLOADPATH,FILENAME,FILETYPE,BNO) values ('c4ef4de9-dd68-470d-9ff5-9404e66dae24','2022\01\20','응용 SW 기초 기술 활용.hwp','0',649);
Insert into CETUS.TBL_ATTACH (UUID,UPLOADPATH,FILENAME,FILETYPE,BNO) values ('891ecc74-1acf-4dd6-b6f1-f0ae3155e48d','2022\01\20','LHK.mp4','0',651);
Insert into CETUS.TBL_ATTACH (UUID,UPLOADPATH,FILENAME,FILETYPE,BNO) values ('797b0303-6088-49b0-8534-2b03c7de365f','2022\01\20','football.mp4','0',653);
Insert into CETUS.TBL_ATTACH (UUID,UPLOADPATH,FILENAME,FILETYPE,BNO) values ('6b32aec3-12b5-456d-b76c-55dda1f1b95f','2022\01\20','응용 SW 기초 기술 활용.hwp','0',655);
Insert into CETUS.TBL_ATTACH (UUID,UPLOADPATH,FILENAME,FILETYPE,BNO) values ('e0f7bf6d-968e-4c2f-9592-5a56a61066c5','2022\01\20','fileIcon.png','0',657);
Insert into CETUS.TBL_ATTACH (UUID,UPLOADPATH,FILENAME,FILETYPE,BNO) values ('7f1f34a3-9912-4a85-87d0-0b112046ce5e','2022\01\20','LHK.mp4','0',667);
Insert into CETUS.TBL_ATTACH (UUID,UPLOADPATH,FILENAME,FILETYPE,BNO) values ('dc32898b-5696-4ba4-810d-6e0d863d3342','2022\01\20','fileIcon.png','0',667);
Insert into CETUS.TBL_ATTACH (UUID,UPLOADPATH,FILENAME,FILETYPE,BNO) values ('87a6cb8d-3ba3-4047-812b-5e98be8d80cc','2022\01\20','sky.mp4','0',668);
Insert into CETUS.TBL_ATTACH (UUID,UPLOADPATH,FILENAME,FILETYPE,BNO) values ('b6ffe7c5-38b3-4c7d-9f94-b299da105ea1','2022\01\20','LHK.mp4','0',668);
Insert into CETUS.TBL_ATTACH (UUID,UPLOADPATH,FILENAME,FILETYPE,BNO) values ('c81438ca-68d8-43d3-bb99-b58be5850df2','2022\01\25','뭉쳐야 찬다2.E25.220123.1080p.H264-F1RST.mp4','0',683);
REM INSERTING into CETUS.TBL_BOARD
SET DEFINE OFF;
Insert into CETUS.TBL_BOARD (BNO,NICKNAME,TITLE,FILESIZE,CONTENT,HIT,FILENAME,CATECODE,REG_DATE,UPDATE_DATE,RECOMENDCOUNT,PRICE,ID,CATECODEREF,REPLYCNT,FAVORITE_CNT) values (1,'테스트계정','테스트게시글',1144387,'테스트내용',0,'테스트파일','100',to_date('21/12/12','RR/MM/DD'),to_date('21/12/12','RR/MM/DD'),0,120,'testID1','101',0,0);
Insert into CETUS.TBL_BOARD (BNO,NICKNAME,TITLE,FILESIZE,CONTENT,HIT,FILENAME,CATECODE,REG_DATE,UPDATE_DATE,RECOMENDCOUNT,PRICE,ID,CATECODEREF,REPLYCNT,FAVORITE_CNT) values (23,'테스트계정2','테스트글222',1144387,'테스트내용22',0,'테스트파일22','200',to_date('21/12/16','RR/MM/DD'),to_date('21/12/16','RR/MM/DD'),0,240,'test22','202',0,0);
Insert into CETUS.TBL_BOARD (BNO,NICKNAME,TITLE,FILESIZE,CONTENT,HIT,FILENAME,CATECODE,REG_DATE,UPDATE_DATE,RECOMENDCOUNT,PRICE,ID,CATECODEREF,REPLYCNT,FAVORITE_CNT) values (24,'테스트계정2','테스트글222',1144387,'테스트내용22',0,'테스트파일22','300',to_date('21/12/16','RR/MM/DD'),to_date('21/12/16','RR/MM/DD'),0,240,'test22','302',0,0);
Insert into CETUS.TBL_BOARD (BNO,NICKNAME,TITLE,FILESIZE,CONTENT,HIT,FILENAME,CATECODE,REG_DATE,UPDATE_DATE,RECOMENDCOUNT,PRICE,ID,CATECODEREF,REPLYCNT,FAVORITE_CNT) values (25,'테스트계정2','테스트글333',1144387,'테스트내용22',0,'테스트파일23','400',to_date('21/12/16','RR/MM/DD'),to_date('21/12/16','RR/MM/DD'),0,200,'test22','404',0,0);
Insert into CETUS.TBL_BOARD (BNO,NICKNAME,TITLE,FILESIZE,CONTENT,HIT,FILENAME,CATECODE,REG_DATE,UPDATE_DATE,RECOMENDCOUNT,PRICE,ID,CATECODEREF,REPLYCNT,FAVORITE_CNT) values (26,'테스트계정2','테스트글444',1144387,'테스트내용22',0,'테스트파일24','500',to_date('21/12/16','RR/MM/DD'),to_date('21/12/16','RR/MM/DD'),0,700,'test22','505',0,0);
Insert into CETUS.TBL_BOARD (BNO,NICKNAME,TITLE,FILESIZE,CONTENT,HIT,FILENAME,CATECODE,REG_DATE,UPDATE_DATE,RECOMENDCOUNT,PRICE,ID,CATECODEREF,REPLYCNT,FAVORITE_CNT) values (27,'테스트계정2','테스트글555',1144387,'테스트내용22',0,'테스트파일25','600',to_date('21/12/16','RR/MM/DD'),to_date('21/12/16','RR/MM/DD'),0,670,'test22','601',0,0);
Insert into CETUS.TBL_BOARD (BNO,NICKNAME,TITLE,FILESIZE,CONTENT,HIT,FILENAME,CATECODE,REG_DATE,UPDATE_DATE,RECOMENDCOUNT,PRICE,ID,CATECODEREF,REPLYCNT,FAVORITE_CNT) values (28,'테스트계정2','테스트글666',1144387,'테스트내용22',0,'테스트파일26','700',to_date('21/12/16','RR/MM/DD'),to_date('21/12/16','RR/MM/DD'),0,290,'test22','703',0,0);
Insert into CETUS.TBL_BOARD (BNO,NICKNAME,TITLE,FILESIZE,CONTENT,HIT,FILENAME,CATECODE,REG_DATE,UPDATE_DATE,RECOMENDCOUNT,PRICE,ID,CATECODEREF,REPLYCNT,FAVORITE_CNT) values (56,'테스트계정222','테스트게시글222',1144387,'테스트내용222',0,'테스트파일222','500',to_date('21/12/22','RR/MM/DD'),to_date('21/12/22','RR/MM/DD'),0,300,'testid222','502',0,0);
Insert into CETUS.TBL_BOARD (BNO,NICKNAME,TITLE,FILESIZE,CONTENT,HIT,FILENAME,CATECODE,REG_DATE,UPDATE_DATE,RECOMENDCOUNT,PRICE,ID,CATECODEREF,REPLYCNT,FAVORITE_CNT) values (30,'테스트계정2','테스트글888',1144387,'테스트내용22',0,'테스트파일28','200',to_date('21/12/16','RR/MM/DD'),to_date('21/12/16','RR/MM/DD'),0,340,'test22','204',0,0);
Insert into CETUS.TBL_BOARD (BNO,NICKNAME,TITLE,FILESIZE,CONTENT,HIT,FILENAME,CATECODE,REG_DATE,UPDATE_DATE,RECOMENDCOUNT,PRICE,ID,CATECODEREF,REPLYCNT,FAVORITE_CNT) values (31,'테스트계정2','테스트글999',1144387,'테스트내용22',0,'테스트파일29','300',to_date('21/12/16','RR/MM/DD'),to_date('21/12/16','RR/MM/DD'),0,780,'test22','305',0,0);
Insert into CETUS.TBL_BOARD (BNO,NICKNAME,TITLE,FILESIZE,CONTENT,HIT,FILENAME,CATECODE,REG_DATE,UPDATE_DATE,RECOMENDCOUNT,PRICE,ID,CATECODEREF,REPLYCNT,FAVORITE_CNT) values (32,'테스트계정2','테스트글435',1144387,'테스트내용22',0,'테스트파일30','300',to_date('21/12/16','RR/MM/DD'),to_date('21/12/16','RR/MM/DD'),0,980,'test22','306',0,0);
Insert into CETUS.TBL_BOARD (BNO,NICKNAME,TITLE,FILESIZE,CONTENT,HIT,FILENAME,CATECODE,REG_DATE,UPDATE_DATE,RECOMENDCOUNT,PRICE,ID,CATECODEREF,REPLYCNT,FAVORITE_CNT) values (33,'테스트계정2','테스트글876',1144387,'테스트내용22',0,'테스트파일31','400',to_date('21/12/16','RR/MM/DD'),to_date('21/12/16','RR/MM/DD'),0,70,'test22','401',0,0);
Insert into CETUS.TBL_BOARD (BNO,NICKNAME,TITLE,FILESIZE,CONTENT,HIT,FILENAME,CATECODE,REG_DATE,UPDATE_DATE,RECOMENDCOUNT,PRICE,ID,CATECODEREF,REPLYCNT,FAVORITE_CNT) values (34,'테스트계정222','테스트게시글222',1144387,'테스트내용222',0,'테스트파일222','100',to_date('21/12/22','RR/MM/DD'),to_date('21/12/22','RR/MM/DD'),0,300,'testid222','101',0,0);
Insert into CETUS.TBL_BOARD (BNO,NICKNAME,TITLE,FILESIZE,CONTENT,HIT,FILENAME,CATECODE,REG_DATE,UPDATE_DATE,RECOMENDCOUNT,PRICE,ID,CATECODEREF,REPLYCNT,FAVORITE_CNT) values (35,'테스트계정222','테스트게시글222',1144387,'테스트내용222',0,'테스트파일222','100',to_date('21/12/22','RR/MM/DD'),to_date('21/12/22','RR/MM/DD'),0,300,'testid222','101',0,0);
Insert into CETUS.TBL_BOARD (BNO,NICKNAME,TITLE,FILESIZE,CONTENT,HIT,FILENAME,CATECODE,REG_DATE,UPDATE_DATE,RECOMENDCOUNT,PRICE,ID,CATECODEREF,REPLYCNT,FAVORITE_CNT) values (36,'테스트계정222','테스트게시글222',1144387,'테스트내용222',0,'테스트파일222','100',to_date('21/12/22','RR/MM/DD'),to_date('21/12/22','RR/MM/DD'),0,300,'testid222','102',0,0);
Insert into CETUS.TBL_BOARD (BNO,NICKNAME,TITLE,FILESIZE,CONTENT,HIT,FILENAME,CATECODE,REG_DATE,UPDATE_DATE,RECOMENDCOUNT,PRICE,ID,CATECODEREF,REPLYCNT,FAVORITE_CNT) values (37,'테스트계정222','테스트게시글222',1144387,'테스트내용222',0,'테스트파일222','100',to_date('21/12/22','RR/MM/DD'),to_date('21/12/22','RR/MM/DD'),0,300,'testid222','103',0,0);
Insert into CETUS.TBL_BOARD (BNO,NICKNAME,TITLE,FILESIZE,CONTENT,HIT,FILENAME,CATECODE,REG_DATE,UPDATE_DATE,RECOMENDCOUNT,PRICE,ID,CATECODEREF,REPLYCNT,FAVORITE_CNT) values (38,'테스트계정222','테스트게시글222',1144387,'테스트내용222',0,'테스트파일222','100',to_date('21/12/22','RR/MM/DD'),to_date('21/12/22','RR/MM/DD'),0,300,'testid222','104',0,0);
Insert into CETUS.TBL_BOARD (BNO,NICKNAME,TITLE,FILESIZE,CONTENT,HIT,FILENAME,CATECODE,REG_DATE,UPDATE_DATE,RECOMENDCOUNT,PRICE,ID,CATECODEREF,REPLYCNT,FAVORITE_CNT) values (39,'테스트계정222','테스트게시글222',1144387,'테스트내용222',0,'테스트파일222','100',to_date('21/12/22','RR/MM/DD'),to_date('21/12/22','RR/MM/DD'),0,300,'testid222','105',0,0);
Insert into CETUS.TBL_BOARD (BNO,NICKNAME,TITLE,FILESIZE,CONTENT,HIT,FILENAME,CATECODE,REG_DATE,UPDATE_DATE,RECOMENDCOUNT,PRICE,ID,CATECODEREF,REPLYCNT,FAVORITE_CNT) values (40,'테스트계정222','테스트게시글222',1144387,'테스트내용222',0,'테스트파일222','200',to_date('21/12/22','RR/MM/DD'),to_date('21/12/22','RR/MM/DD'),0,300,'testid222','201',0,0);
Insert into CETUS.TBL_BOARD (BNO,NICKNAME,TITLE,FILESIZE,CONTENT,HIT,FILENAME,CATECODE,REG_DATE,UPDATE_DATE,RECOMENDCOUNT,PRICE,ID,CATECODEREF,REPLYCNT,FAVORITE_CNT) values (41,'테스트계정222','테스트게시글222',1144387,'테스트내용222',0,'테스트파일222','200',to_date('21/12/22','RR/MM/DD'),to_date('21/12/22','RR/MM/DD'),0,300,'testid222','202',0,0);
Insert into CETUS.TBL_BOARD (BNO,NICKNAME,TITLE,FILESIZE,CONTENT,HIT,FILENAME,CATECODE,REG_DATE,UPDATE_DATE,RECOMENDCOUNT,PRICE,ID,CATECODEREF,REPLYCNT,FAVORITE_CNT) values (42,'테스트계정222','테스트게시글222',1144387,'테스트내용222',0,'테스트파일222','200',to_date('21/12/22','RR/MM/DD'),to_date('21/12/22','RR/MM/DD'),0,300,'testid222','203',0,0);
Insert into CETUS.TBL_BOARD (BNO,NICKNAME,TITLE,FILESIZE,CONTENT,HIT,FILENAME,CATECODE,REG_DATE,UPDATE_DATE,RECOMENDCOUNT,PRICE,ID,CATECODEREF,REPLYCNT,FAVORITE_CNT) values (43,'테스트계정222','테스트게시글222',1144387,'테스트내용222',0,'테스트파일222','200',to_date('21/12/22','RR/MM/DD'),to_date('21/12/22','RR/MM/DD'),0,300,'testid222','204',0,0);
Insert into CETUS.TBL_BOARD (BNO,NICKNAME,TITLE,FILESIZE,CONTENT,HIT,FILENAME,CATECODE,REG_DATE,UPDATE_DATE,RECOMENDCOUNT,PRICE,ID,CATECODEREF,REPLYCNT,FAVORITE_CNT) values (44,'테스트계정222','테스트게시글222',1144387,'테스트내용222',0,'테스트파일222','200',to_date('21/12/22','RR/MM/DD'),to_date('21/12/22','RR/MM/DD'),0,300,'testid222','205',0,0);
Insert into CETUS.TBL_BOARD (BNO,NICKNAME,TITLE,FILESIZE,CONTENT,HIT,FILENAME,CATECODE,REG_DATE,UPDATE_DATE,RECOMENDCOUNT,PRICE,ID,CATECODEREF,REPLYCNT,FAVORITE_CNT) values (45,'테스트계정222','테스트게시글222',1144387,'테스트내용222',0,'테스트파일222','300',to_date('21/12/22','RR/MM/DD'),to_date('21/12/22','RR/MM/DD'),0,300,'testid222','301',0,0);
Insert into CETUS.TBL_BOARD (BNO,NICKNAME,TITLE,FILESIZE,CONTENT,HIT,FILENAME,CATECODE,REG_DATE,UPDATE_DATE,RECOMENDCOUNT,PRICE,ID,CATECODEREF,REPLYCNT,FAVORITE_CNT) values (46,'테스트계정222','테스트게시글222',1144387,'테스트내용222',0,'테스트파일222','300',to_date('21/12/22','RR/MM/DD'),to_date('21/12/22','RR/MM/DD'),0,300,'testid222','302',0,0);
Insert into CETUS.TBL_BOARD (BNO,NICKNAME,TITLE,FILESIZE,CONTENT,HIT,FILENAME,CATECODE,REG_DATE,UPDATE_DATE,RECOMENDCOUNT,PRICE,ID,CATECODEREF,REPLYCNT,FAVORITE_CNT) values (47,'테스트계정222','테스트게시글222',1144387,'테스트내용222',0,'테스트파일222','300',to_date('21/12/22','RR/MM/DD'),to_date('21/12/22','RR/MM/DD'),0,300,'testid222','303',0,0);
Insert into CETUS.TBL_BOARD (BNO,NICKNAME,TITLE,FILESIZE,CONTENT,HIT,FILENAME,CATECODE,REG_DATE,UPDATE_DATE,RECOMENDCOUNT,PRICE,ID,CATECODEREF,REPLYCNT,FAVORITE_CNT) values (48,'테스트계정222','테스트게시글222',1144387,'테스트내용222',0,'테스트파일222','300',to_date('21/12/22','RR/MM/DD'),to_date('21/12/22','RR/MM/DD'),0,300,'testid222','304',0,0);
Insert into CETUS.TBL_BOARD (BNO,NICKNAME,TITLE,FILESIZE,CONTENT,HIT,FILENAME,CATECODE,REG_DATE,UPDATE_DATE,RECOMENDCOUNT,PRICE,ID,CATECODEREF,REPLYCNT,FAVORITE_CNT) values (49,'테스트계정222','테스트게시글222',1144387,'테스트내용222',0,'테스트파일222','300',to_date('21/12/22','RR/MM/DD'),to_date('21/12/22','RR/MM/DD'),0,300,'testid222','305',0,0);
Insert into CETUS.TBL_BOARD (BNO,NICKNAME,TITLE,FILESIZE,CONTENT,HIT,FILENAME,CATECODE,REG_DATE,UPDATE_DATE,RECOMENDCOUNT,PRICE,ID,CATECODEREF,REPLYCNT,FAVORITE_CNT) values (50,'테스트계정222','테스트게시글222',1144387,'테스트내용222',0,'테스트파일222','400',to_date('21/12/22','RR/MM/DD'),to_date('21/12/22','RR/MM/DD'),0,300,'testid222','401',0,0);
Insert into CETUS.TBL_BOARD (BNO,NICKNAME,TITLE,FILESIZE,CONTENT,HIT,FILENAME,CATECODE,REG_DATE,UPDATE_DATE,RECOMENDCOUNT,PRICE,ID,CATECODEREF,REPLYCNT,FAVORITE_CNT) values (51,'테스트계정222','테스트게시글222',1144387,'테스트내용222',0,'테스트파일222','400',to_date('21/12/22','RR/MM/DD'),to_date('21/12/22','RR/MM/DD'),0,300,'testid222','402',0,0);
Insert into CETUS.TBL_BOARD (BNO,NICKNAME,TITLE,FILESIZE,CONTENT,HIT,FILENAME,CATECODE,REG_DATE,UPDATE_DATE,RECOMENDCOUNT,PRICE,ID,CATECODEREF,REPLYCNT,FAVORITE_CNT) values (52,'테스트계정222','테스트게시글222',1144387,'테스트내용222',0,'테스트파일222','400',to_date('21/12/22','RR/MM/DD'),to_date('21/12/22','RR/MM/DD'),0,300,'testid222','403',0,0);
Insert into CETUS.TBL_BOARD (BNO,NICKNAME,TITLE,FILESIZE,CONTENT,HIT,FILENAME,CATECODE,REG_DATE,UPDATE_DATE,RECOMENDCOUNT,PRICE,ID,CATECODEREF,REPLYCNT,FAVORITE_CNT) values (53,'테스트계정222','테스트게시글222',1144387,'테스트내용222',0,'테스트파일222','400',to_date('21/12/22','RR/MM/DD'),to_date('21/12/22','RR/MM/DD'),0,300,'testid222','404',0,0);
Insert into CETUS.TBL_BOARD (BNO,NICKNAME,TITLE,FILESIZE,CONTENT,HIT,FILENAME,CATECODE,REG_DATE,UPDATE_DATE,RECOMENDCOUNT,PRICE,ID,CATECODEREF,REPLYCNT,FAVORITE_CNT) values (54,'테스트계정222','테스트게시글222',1144387,'테스트내용222',0,'테스트파일222','400',to_date('21/12/22','RR/MM/DD'),to_date('21/12/22','RR/MM/DD'),0,300,'testid222','405',0,0);
Insert into CETUS.TBL_BOARD (BNO,NICKNAME,TITLE,FILESIZE,CONTENT,HIT,FILENAME,CATECODE,REG_DATE,UPDATE_DATE,RECOMENDCOUNT,PRICE,ID,CATECODEREF,REPLYCNT,FAVORITE_CNT) values (55,'테스트계정222','테스트게시글222',1144387,'테스트내용222',0,'테스트파일222','500',to_date('21/12/22','RR/MM/DD'),to_date('21/12/22','RR/MM/DD'),0,300,'testid222','501',0,0);
Insert into CETUS.TBL_BOARD (BNO,NICKNAME,TITLE,FILESIZE,CONTENT,HIT,FILENAME,CATECODE,REG_DATE,UPDATE_DATE,RECOMENDCOUNT,PRICE,ID,CATECODEREF,REPLYCNT,FAVORITE_CNT) values (57,'테스트계정222','테스트게시글222',1144387,'테스트내용222',0,'테스트파일222','500',to_date('21/12/22','RR/MM/DD'),to_date('21/12/22','RR/MM/DD'),0,300,'testid222','503',0,0);
Insert into CETUS.TBL_BOARD (BNO,NICKNAME,TITLE,FILESIZE,CONTENT,HIT,FILENAME,CATECODE,REG_DATE,UPDATE_DATE,RECOMENDCOUNT,PRICE,ID,CATECODEREF,REPLYCNT,FAVORITE_CNT) values (58,'테스트계정222','테스트게시글222',1144387,'테스트내용222',0,'테스트파일222','500',to_date('21/12/22','RR/MM/DD'),to_date('21/12/22','RR/MM/DD'),0,300,'testid222','504',0,0);
Insert into CETUS.TBL_BOARD (BNO,NICKNAME,TITLE,FILESIZE,CONTENT,HIT,FILENAME,CATECODE,REG_DATE,UPDATE_DATE,RECOMENDCOUNT,PRICE,ID,CATECODEREF,REPLYCNT,FAVORITE_CNT) values (59,'테스트계정222','테스트게시글222',1144387,'테스트내용222',0,'테스트파일222','500',to_date('21/12/22','RR/MM/DD'),to_date('21/12/22','RR/MM/DD'),0,300,'testid222','505',0,0);
Insert into CETUS.TBL_BOARD (BNO,NICKNAME,TITLE,FILESIZE,CONTENT,HIT,FILENAME,CATECODE,REG_DATE,UPDATE_DATE,RECOMENDCOUNT,PRICE,ID,CATECODEREF,REPLYCNT,FAVORITE_CNT) values (60,'테스트계정222','테스트게시글222',1144387,'테스트내용222',0,'테스트파일222','600',to_date('21/12/22','RR/MM/DD'),to_date('21/12/22','RR/MM/DD'),0,300,'testid222','601',0,0);
Insert into CETUS.TBL_BOARD (BNO,NICKNAME,TITLE,FILESIZE,CONTENT,HIT,FILENAME,CATECODE,REG_DATE,UPDATE_DATE,RECOMENDCOUNT,PRICE,ID,CATECODEREF,REPLYCNT,FAVORITE_CNT) values (61,'테스트계정222','테스트게시글222',1144387,'테스트내용222',0,'테스트파일222','600',to_date('21/12/22','RR/MM/DD'),to_date('21/12/22','RR/MM/DD'),0,300,'testid222','602',0,0);
Insert into CETUS.TBL_BOARD (BNO,NICKNAME,TITLE,FILESIZE,CONTENT,HIT,FILENAME,CATECODE,REG_DATE,UPDATE_DATE,RECOMENDCOUNT,PRICE,ID,CATECODEREF,REPLYCNT,FAVORITE_CNT) values (62,'테스트계정222','테스트게시글222',1144387,'테스트내용222',0,'테스트파일222','600',to_date('21/12/22','RR/MM/DD'),to_date('21/12/22','RR/MM/DD'),0,300,'testid222','603',0,0);
Insert into CETUS.TBL_BOARD (BNO,NICKNAME,TITLE,FILESIZE,CONTENT,HIT,FILENAME,CATECODE,REG_DATE,UPDATE_DATE,RECOMENDCOUNT,PRICE,ID,CATECODEREF,REPLYCNT,FAVORITE_CNT) values (63,'테스트계정222','테스트게시글222',1144387,'테스트내용222',0,'테스트파일222','600',to_date('21/12/22','RR/MM/DD'),to_date('21/12/22','RR/MM/DD'),0,300,'testid222','604',0,0);
Insert into CETUS.TBL_BOARD (BNO,NICKNAME,TITLE,FILESIZE,CONTENT,HIT,FILENAME,CATECODE,REG_DATE,UPDATE_DATE,RECOMENDCOUNT,PRICE,ID,CATECODEREF,REPLYCNT,FAVORITE_CNT) values (64,'테스트계정222','테스트게시글222',1144387,'테스트내용222',0,'테스트파일222','600',to_date('21/12/22','RR/MM/DD'),to_date('21/12/22','RR/MM/DD'),0,300,'testid222','605',0,0);
Insert into CETUS.TBL_BOARD (BNO,NICKNAME,TITLE,FILESIZE,CONTENT,HIT,FILENAME,CATECODE,REG_DATE,UPDATE_DATE,RECOMENDCOUNT,PRICE,ID,CATECODEREF,REPLYCNT,FAVORITE_CNT) values (65,'테스트계정222','테스트게시글222',1144387,'테스트내용222',0,'테스트파일222','700',to_date('21/12/22','RR/MM/DD'),to_date('21/12/22','RR/MM/DD'),0,300,'testid222','701',0,0);
Insert into CETUS.TBL_BOARD (BNO,NICKNAME,TITLE,FILESIZE,CONTENT,HIT,FILENAME,CATECODE,REG_DATE,UPDATE_DATE,RECOMENDCOUNT,PRICE,ID,CATECODEREF,REPLYCNT,FAVORITE_CNT) values (66,'테스트계정222','테스트게시글222',1144387,'테스트내용222',0,'테스트파일222','700',to_date('21/12/22','RR/MM/DD'),to_date('21/12/22','RR/MM/DD'),0,300,'testid222','702',0,0);
Insert into CETUS.TBL_BOARD (BNO,NICKNAME,TITLE,FILESIZE,CONTENT,HIT,FILENAME,CATECODE,REG_DATE,UPDATE_DATE,RECOMENDCOUNT,PRICE,ID,CATECODEREF,REPLYCNT,FAVORITE_CNT) values (67,'테스트계정222','테스트게시글222',1144387,'테스트내용222',0,'테스트파일222','700',to_date('21/12/22','RR/MM/DD'),to_date('21/12/22','RR/MM/DD'),0,300,'testid222','703',0,0);
Insert into CETUS.TBL_BOARD (BNO,NICKNAME,TITLE,FILESIZE,CONTENT,HIT,FILENAME,CATECODE,REG_DATE,UPDATE_DATE,RECOMENDCOUNT,PRICE,ID,CATECODEREF,REPLYCNT,FAVORITE_CNT) values (68,'테스트계정222','테스트게시글222',1144387,'테스트내용222',0,'테스트파일222','700',to_date('21/12/22','RR/MM/DD'),to_date('21/12/22','RR/MM/DD'),0,300,'testid222','704',0,0);
Insert into CETUS.TBL_BOARD (BNO,NICKNAME,TITLE,FILESIZE,CONTENT,HIT,FILENAME,CATECODE,REG_DATE,UPDATE_DATE,RECOMENDCOUNT,PRICE,ID,CATECODEREF,REPLYCNT,FAVORITE_CNT) values (69,'테스트계정222','테스트게시글222',1144387,'테스트내용222',0,'테스트파일222','700',to_date('21/12/22','RR/MM/DD'),to_date('21/12/22','RR/MM/DD'),0,300,'testid222','705',0,0);
Insert into CETUS.TBL_BOARD (BNO,NICKNAME,TITLE,FILESIZE,CONTENT,HIT,FILENAME,CATECODE,REG_DATE,UPDATE_DATE,RECOMENDCOUNT,PRICE,ID,CATECODEREF,REPLYCNT,FAVORITE_CNT) values (70,'테스트계정222','테스트게시글222',1144387,'테스트내용222',0,'테스트파일222','100',to_date('21/12/22','RR/MM/DD'),to_date('21/12/22','RR/MM/DD'),0,300,'testid222','101',0,0);
Insert into CETUS.TBL_BOARD (BNO,NICKNAME,TITLE,FILESIZE,CONTENT,HIT,FILENAME,CATECODE,REG_DATE,UPDATE_DATE,RECOMENDCOUNT,PRICE,ID,CATECODEREF,REPLYCNT,FAVORITE_CNT) values (71,'테스트계정222','테스트게시글222',1144387,'테스트내용222',0,'테스트파일222','100',to_date('21/12/22','RR/MM/DD'),to_date('21/12/22','RR/MM/DD'),0,300,'testid222','102',0,0);
Insert into CETUS.TBL_BOARD (BNO,NICKNAME,TITLE,FILESIZE,CONTENT,HIT,FILENAME,CATECODE,REG_DATE,UPDATE_DATE,RECOMENDCOUNT,PRICE,ID,CATECODEREF,REPLYCNT,FAVORITE_CNT) values (72,'테스트계정222','테스트게시글222',1144387,'테스트내용222',0,'테스트파일222','100',to_date('21/12/22','RR/MM/DD'),to_date('21/12/22','RR/MM/DD'),0,300,'testid222','103',0,0);
Insert into CETUS.TBL_BOARD (BNO,NICKNAME,TITLE,FILESIZE,CONTENT,HIT,FILENAME,CATECODE,REG_DATE,UPDATE_DATE,RECOMENDCOUNT,PRICE,ID,CATECODEREF,REPLYCNT,FAVORITE_CNT) values (73,'테스트계정222','테스트게시글222',1144387,'테스트내용222',0,'테스트파일222','100',to_date('21/12/22','RR/MM/DD'),to_date('21/12/22','RR/MM/DD'),0,300,'testid222','104',0,0);
Insert into CETUS.TBL_BOARD (BNO,NICKNAME,TITLE,FILESIZE,CONTENT,HIT,FILENAME,CATECODE,REG_DATE,UPDATE_DATE,RECOMENDCOUNT,PRICE,ID,CATECODEREF,REPLYCNT,FAVORITE_CNT) values (74,'테스트계정222','테스트게시글222',1144387,'테스트내용222',0,'테스트파일222','100',to_date('21/12/22','RR/MM/DD'),to_date('21/12/22','RR/MM/DD'),0,300,'testid222','105',0,0);
Insert into CETUS.TBL_BOARD (BNO,NICKNAME,TITLE,FILESIZE,CONTENT,HIT,FILENAME,CATECODE,REG_DATE,UPDATE_DATE,RECOMENDCOUNT,PRICE,ID,CATECODEREF,REPLYCNT,FAVORITE_CNT) values (75,'테스트계정222','테스트게시글222',1144387,'테스트내용222',0,'테스트파일222','200',to_date('21/12/22','RR/MM/DD'),to_date('21/12/22','RR/MM/DD'),0,300,'testid222','201',0,0);
Insert into CETUS.TBL_BOARD (BNO,NICKNAME,TITLE,FILESIZE,CONTENT,HIT,FILENAME,CATECODE,REG_DATE,UPDATE_DATE,RECOMENDCOUNT,PRICE,ID,CATECODEREF,REPLYCNT,FAVORITE_CNT) values (76,'테스트계정222','테스트게시글222',1144387,'테스트내용222',0,'테스트파일222','200',to_date('21/12/22','RR/MM/DD'),to_date('21/12/22','RR/MM/DD'),0,300,'testid222','202',0,0);
Insert into CETUS.TBL_BOARD (BNO,NICKNAME,TITLE,FILESIZE,CONTENT,HIT,FILENAME,CATECODE,REG_DATE,UPDATE_DATE,RECOMENDCOUNT,PRICE,ID,CATECODEREF,REPLYCNT,FAVORITE_CNT) values (77,'테스트계정222','테스트게시글222',1144387,'테스트내용222',0,'테스트파일222','200',to_date('21/12/22','RR/MM/DD'),to_date('21/12/22','RR/MM/DD'),0,300,'testid222','203',0,0);
Insert into CETUS.TBL_BOARD (BNO,NICKNAME,TITLE,FILESIZE,CONTENT,HIT,FILENAME,CATECODE,REG_DATE,UPDATE_DATE,RECOMENDCOUNT,PRICE,ID,CATECODEREF,REPLYCNT,FAVORITE_CNT) values (78,'테스트계정222','테스트게시글222',1144387,'테스트내용222',0,'테스트파일222','200',to_date('21/12/22','RR/MM/DD'),to_date('21/12/22','RR/MM/DD'),0,300,'testid222','204',0,0);
Insert into CETUS.TBL_BOARD (BNO,NICKNAME,TITLE,FILESIZE,CONTENT,HIT,FILENAME,CATECODE,REG_DATE,UPDATE_DATE,RECOMENDCOUNT,PRICE,ID,CATECODEREF,REPLYCNT,FAVORITE_CNT) values (79,'테스트계정222','테스트게시글222',1144387,'테스트내용222',0,'테스트파일222','200',to_date('21/12/22','RR/MM/DD'),to_date('21/12/22','RR/MM/DD'),0,300,'testid222','205',0,0);
Insert into CETUS.TBL_BOARD (BNO,NICKNAME,TITLE,FILESIZE,CONTENT,HIT,FILENAME,CATECODE,REG_DATE,UPDATE_DATE,RECOMENDCOUNT,PRICE,ID,CATECODEREF,REPLYCNT,FAVORITE_CNT) values (80,'테스트계정222','테스트게시글222',1144387,'테스트내용222',0,'테스트파일222','300',to_date('21/12/22','RR/MM/DD'),to_date('21/12/22','RR/MM/DD'),0,300,'testid222','301',0,0);
Insert into CETUS.TBL_BOARD (BNO,NICKNAME,TITLE,FILESIZE,CONTENT,HIT,FILENAME,CATECODE,REG_DATE,UPDATE_DATE,RECOMENDCOUNT,PRICE,ID,CATECODEREF,REPLYCNT,FAVORITE_CNT) values (81,'테스트계정222','테스트게시글222',1144387,'테스트내용222',0,'테스트파일222','300',to_date('21/12/22','RR/MM/DD'),to_date('21/12/22','RR/MM/DD'),0,300,'testid222','302',0,0);
Insert into CETUS.TBL_BOARD (BNO,NICKNAME,TITLE,FILESIZE,CONTENT,HIT,FILENAME,CATECODE,REG_DATE,UPDATE_DATE,RECOMENDCOUNT,PRICE,ID,CATECODEREF,REPLYCNT,FAVORITE_CNT) values (82,'테스트계정222','테스트게시글222',1144387,'테스트내용222',0,'테스트파일222','300',to_date('21/12/22','RR/MM/DD'),to_date('21/12/22','RR/MM/DD'),0,300,'testid222','303',0,0);
Insert into CETUS.TBL_BOARD (BNO,NICKNAME,TITLE,FILESIZE,CONTENT,HIT,FILENAME,CATECODE,REG_DATE,UPDATE_DATE,RECOMENDCOUNT,PRICE,ID,CATECODEREF,REPLYCNT,FAVORITE_CNT) values (83,'테스트계정222','테스트게시글222',1144387,'테스트내용222',0,'테스트파일222','300',to_date('21/12/22','RR/MM/DD'),to_date('21/12/22','RR/MM/DD'),0,300,'testid222','304',0,0);
Insert into CETUS.TBL_BOARD (BNO,NICKNAME,TITLE,FILESIZE,CONTENT,HIT,FILENAME,CATECODE,REG_DATE,UPDATE_DATE,RECOMENDCOUNT,PRICE,ID,CATECODEREF,REPLYCNT,FAVORITE_CNT) values (84,'테스트계정222','테스트게시글222',1144387,'테스트내용222',0,'테스트파일222','300',to_date('21/12/22','RR/MM/DD'),to_date('21/12/22','RR/MM/DD'),0,300,'testid222','305',0,0);
Insert into CETUS.TBL_BOARD (BNO,NICKNAME,TITLE,FILESIZE,CONTENT,HIT,FILENAME,CATECODE,REG_DATE,UPDATE_DATE,RECOMENDCOUNT,PRICE,ID,CATECODEREF,REPLYCNT,FAVORITE_CNT) values (85,'테스트계정222','테스트게시글222',1144387,'테스트내용222',0,'테스트파일222','400',to_date('21/12/22','RR/MM/DD'),to_date('21/12/22','RR/MM/DD'),0,300,'testid222','401',0,0);
Insert into CETUS.TBL_BOARD (BNO,NICKNAME,TITLE,FILESIZE,CONTENT,HIT,FILENAME,CATECODE,REG_DATE,UPDATE_DATE,RECOMENDCOUNT,PRICE,ID,CATECODEREF,REPLYCNT,FAVORITE_CNT) values (86,'테스트계정222','테스트게시글222',1144387,'테스트내용222',0,'테스트파일222','400',to_date('21/12/22','RR/MM/DD'),to_date('21/12/22','RR/MM/DD'),0,300,'testid222','402',0,0);
Insert into CETUS.TBL_BOARD (BNO,NICKNAME,TITLE,FILESIZE,CONTENT,HIT,FILENAME,CATECODE,REG_DATE,UPDATE_DATE,RECOMENDCOUNT,PRICE,ID,CATECODEREF,REPLYCNT,FAVORITE_CNT) values (87,'테스트계정222','테스트게시글222',1144387,'테스트내용222',0,'테스트파일222','400',to_date('21/12/22','RR/MM/DD'),to_date('21/12/22','RR/MM/DD'),0,300,'testid222','403',0,0);
Insert into CETUS.TBL_BOARD (BNO,NICKNAME,TITLE,FILESIZE,CONTENT,HIT,FILENAME,CATECODE,REG_DATE,UPDATE_DATE,RECOMENDCOUNT,PRICE,ID,CATECODEREF,REPLYCNT,FAVORITE_CNT) values (88,'테스트계정222','테스트게시글222',1144387,'테스트내용222',0,'테스트파일222','400',to_date('21/12/22','RR/MM/DD'),to_date('21/12/22','RR/MM/DD'),0,300,'testid222','404',0,0);
Insert into CETUS.TBL_BOARD (BNO,NICKNAME,TITLE,FILESIZE,CONTENT,HIT,FILENAME,CATECODE,REG_DATE,UPDATE_DATE,RECOMENDCOUNT,PRICE,ID,CATECODEREF,REPLYCNT,FAVORITE_CNT) values (89,'테스트계정222','테스트게시글222',1144387,'테스트내용222',0,'테스트파일222','400',to_date('21/12/22','RR/MM/DD'),to_date('21/12/22','RR/MM/DD'),0,300,'testid222','405',0,0);
Insert into CETUS.TBL_BOARD (BNO,NICKNAME,TITLE,FILESIZE,CONTENT,HIT,FILENAME,CATECODE,REG_DATE,UPDATE_DATE,RECOMENDCOUNT,PRICE,ID,CATECODEREF,REPLYCNT,FAVORITE_CNT) values (90,'테스트계정222','테스트게시글222',1144387,'테스트내용222',0,'테스트파일222','500',to_date('21/12/22','RR/MM/DD'),to_date('21/12/22','RR/MM/DD'),0,300,'testid222','501',0,0);
Insert into CETUS.TBL_BOARD (BNO,NICKNAME,TITLE,FILESIZE,CONTENT,HIT,FILENAME,CATECODE,REG_DATE,UPDATE_DATE,RECOMENDCOUNT,PRICE,ID,CATECODEREF,REPLYCNT,FAVORITE_CNT) values (91,'테스트계정222','테스트게시글222',1144387,'테스트내용222',0,'테스트파일222','500',to_date('21/12/22','RR/MM/DD'),to_date('21/12/22','RR/MM/DD'),0,300,'testid222','502',0,0);
Insert into CETUS.TBL_BOARD (BNO,NICKNAME,TITLE,FILESIZE,CONTENT,HIT,FILENAME,CATECODE,REG_DATE,UPDATE_DATE,RECOMENDCOUNT,PRICE,ID,CATECODEREF,REPLYCNT,FAVORITE_CNT) values (92,'테스트계정222','테스트게시글222',1144387,'테스트내용222',0,'테스트파일222','500',to_date('21/12/22','RR/MM/DD'),to_date('21/12/22','RR/MM/DD'),0,300,'testid222','503',0,0);
Insert into CETUS.TBL_BOARD (BNO,NICKNAME,TITLE,FILESIZE,CONTENT,HIT,FILENAME,CATECODE,REG_DATE,UPDATE_DATE,RECOMENDCOUNT,PRICE,ID,CATECODEREF,REPLYCNT,FAVORITE_CNT) values (93,'테스트계정222','테스트게시글222',1144387,'테스트내용222',0,'테스트파일222','500',to_date('21/12/22','RR/MM/DD'),to_date('21/12/22','RR/MM/DD'),0,300,'testid222','504',0,0);
Insert into CETUS.TBL_BOARD (BNO,NICKNAME,TITLE,FILESIZE,CONTENT,HIT,FILENAME,CATECODE,REG_DATE,UPDATE_DATE,RECOMENDCOUNT,PRICE,ID,CATECODEREF,REPLYCNT,FAVORITE_CNT) values (94,'테스트계정222','테스트게시글222',1144387,'테스트내용222',0,'테스트파일222','500',to_date('21/12/22','RR/MM/DD'),to_date('21/12/22','RR/MM/DD'),0,300,'testid222','505',0,0);
Insert into CETUS.TBL_BOARD (BNO,NICKNAME,TITLE,FILESIZE,CONTENT,HIT,FILENAME,CATECODE,REG_DATE,UPDATE_DATE,RECOMENDCOUNT,PRICE,ID,CATECODEREF,REPLYCNT,FAVORITE_CNT) values (95,'테스트계정222','테스트게시글222',1144387,'테스트내용222',0,'테스트파일222','600',to_date('21/12/22','RR/MM/DD'),to_date('21/12/22','RR/MM/DD'),0,300,'testid222','601',0,0);
Insert into CETUS.TBL_BOARD (BNO,NICKNAME,TITLE,FILESIZE,CONTENT,HIT,FILENAME,CATECODE,REG_DATE,UPDATE_DATE,RECOMENDCOUNT,PRICE,ID,CATECODEREF,REPLYCNT,FAVORITE_CNT) values (96,'테스트계정222','테스트게시글222',1144387,'테스트내용222',0,'테스트파일222','600',to_date('21/12/22','RR/MM/DD'),to_date('21/12/22','RR/MM/DD'),0,300,'testid222','602',0,0);
Insert into CETUS.TBL_BOARD (BNO,NICKNAME,TITLE,FILESIZE,CONTENT,HIT,FILENAME,CATECODE,REG_DATE,UPDATE_DATE,RECOMENDCOUNT,PRICE,ID,CATECODEREF,REPLYCNT,FAVORITE_CNT) values (97,'테스트계정222','테스트게시글222',1144387,'테스트내용222',0,'테스트파일222','600',to_date('21/12/22','RR/MM/DD'),to_date('21/12/22','RR/MM/DD'),0,300,'testid222','603',0,0);
Insert into CETUS.TBL_BOARD (BNO,NICKNAME,TITLE,FILESIZE,CONTENT,HIT,FILENAME,CATECODE,REG_DATE,UPDATE_DATE,RECOMENDCOUNT,PRICE,ID,CATECODEREF,REPLYCNT,FAVORITE_CNT) values (98,'테스트계정222','테스트게시글222',1144387,'테스트내용222',0,'테스트파일222','600',to_date('21/12/22','RR/MM/DD'),to_date('21/12/22','RR/MM/DD'),0,300,'testid222','604',0,0);
Insert into CETUS.TBL_BOARD (BNO,NICKNAME,TITLE,FILESIZE,CONTENT,HIT,FILENAME,CATECODE,REG_DATE,UPDATE_DATE,RECOMENDCOUNT,PRICE,ID,CATECODEREF,REPLYCNT,FAVORITE_CNT) values (99,'테스트계정222','테스트게시글222',1144387,'테스트내용222',0,'테스트파일222','600',to_date('21/12/22','RR/MM/DD'),to_date('21/12/22','RR/MM/DD'),0,300,'testid222','605',0,0);
Insert into CETUS.TBL_BOARD (BNO,NICKNAME,TITLE,FILESIZE,CONTENT,HIT,FILENAME,CATECODE,REG_DATE,UPDATE_DATE,RECOMENDCOUNT,PRICE,ID,CATECODEREF,REPLYCNT,FAVORITE_CNT) values (100,'테스트계정222','테스트게시글222',1144387,'테스트내용222',0,'테스트파일222','700',to_date('21/12/22','RR/MM/DD'),to_date('21/12/22','RR/MM/DD'),1,300,'testid222','701',0,0);
Insert into CETUS.TBL_BOARD (BNO,NICKNAME,TITLE,FILESIZE,CONTENT,HIT,FILENAME,CATECODE,REG_DATE,UPDATE_DATE,RECOMENDCOUNT,PRICE,ID,CATECODEREF,REPLYCNT,FAVORITE_CNT) values (101,'테스트계정222','테스트게시글222',1144387,'테스트내용222',0,'테스트파일222','700',to_date('21/12/22','RR/MM/DD'),to_date('21/12/22','RR/MM/DD'),1,300,'testid222','702',0,0);
Insert into CETUS.TBL_BOARD (BNO,NICKNAME,TITLE,FILESIZE,CONTENT,HIT,FILENAME,CATECODE,REG_DATE,UPDATE_DATE,RECOMENDCOUNT,PRICE,ID,CATECODEREF,REPLYCNT,FAVORITE_CNT) values (102,'테스트계정222','테스트게시글222',1144387,'테스트내용222',0,'테스트파일222','700',to_date('21/12/22','RR/MM/DD'),to_date('21/12/22','RR/MM/DD'),1,300,'testid222','703',0,0);
Insert into CETUS.TBL_BOARD (BNO,NICKNAME,TITLE,FILESIZE,CONTENT,HIT,FILENAME,CATECODE,REG_DATE,UPDATE_DATE,RECOMENDCOUNT,PRICE,ID,CATECODEREF,REPLYCNT,FAVORITE_CNT) values (103,'테스트계정222','테스트게시글222',1144387,'테스트내용222',0,'테스트파일222','700',to_date('21/12/22','RR/MM/DD'),to_date('21/12/22','RR/MM/DD'),1,300,'testid222','704',0,0);
Insert into CETUS.TBL_BOARD (BNO,NICKNAME,TITLE,FILESIZE,CONTENT,HIT,FILENAME,CATECODE,REG_DATE,UPDATE_DATE,RECOMENDCOUNT,PRICE,ID,CATECODEREF,REPLYCNT,FAVORITE_CNT) values (104,'테스트계정222','테스트게시글222',1144387,'테스트내용222',0,'테스트파일222','700',to_date('21/12/22','RR/MM/DD'),to_date('21/12/22','RR/MM/DD'),1,300,'testid222','705',0,0);
Insert into CETUS.TBL_BOARD (BNO,NICKNAME,TITLE,FILESIZE,CONTENT,HIT,FILENAME,CATECODE,REG_DATE,UPDATE_DATE,RECOMENDCOUNT,PRICE,ID,CATECODEREF,REPLYCNT,FAVORITE_CNT) values (105,'테스트계정222','테스트게시글222',1144387,'테스트내용222',0,'테스트파일222','100',to_date('21/12/22','RR/MM/DD'),to_date('21/12/22','RR/MM/DD'),1,300,'testid222','101',0,0);
Insert into CETUS.TBL_BOARD (BNO,NICKNAME,TITLE,FILESIZE,CONTENT,HIT,FILENAME,CATECODE,REG_DATE,UPDATE_DATE,RECOMENDCOUNT,PRICE,ID,CATECODEREF,REPLYCNT,FAVORITE_CNT) values (106,'테스트계정222','테스트게시글222',1144387,'테스트내용222',0,'테스트파일222','100',to_date('21/12/22','RR/MM/DD'),to_date('21/12/22','RR/MM/DD'),1,300,'testid222','102',0,0);
Insert into CETUS.TBL_BOARD (BNO,NICKNAME,TITLE,FILESIZE,CONTENT,HIT,FILENAME,CATECODE,REG_DATE,UPDATE_DATE,RECOMENDCOUNT,PRICE,ID,CATECODEREF,REPLYCNT,FAVORITE_CNT) values (107,'테스트계정222','테스트게시글222',1144387,'테스트내용222',0,'테스트파일222','100',to_date('21/12/22','RR/MM/DD'),to_date('21/12/22','RR/MM/DD'),1,300,'testid222','103',0,0);
Insert into CETUS.TBL_BOARD (BNO,NICKNAME,TITLE,FILESIZE,CONTENT,HIT,FILENAME,CATECODE,REG_DATE,UPDATE_DATE,RECOMENDCOUNT,PRICE,ID,CATECODEREF,REPLYCNT,FAVORITE_CNT) values (108,'테스트계정222','테스트게시글222',1144387,'테스트내용222',0,'테스트파일222','100',to_date('21/12/22','RR/MM/DD'),to_date('21/12/22','RR/MM/DD'),1,300,'testid222','104',0,0);
Insert into CETUS.TBL_BOARD (BNO,NICKNAME,TITLE,FILESIZE,CONTENT,HIT,FILENAME,CATECODE,REG_DATE,UPDATE_DATE,RECOMENDCOUNT,PRICE,ID,CATECODEREF,REPLYCNT,FAVORITE_CNT) values (109,'테스트계정222','테스트게시글222',1144387,'테스트내용222',0,'테스트파일222','100',to_date('21/12/22','RR/MM/DD'),to_date('21/12/22','RR/MM/DD'),1,300,'testid222','105',0,0);
Insert into CETUS.TBL_BOARD (BNO,NICKNAME,TITLE,FILESIZE,CONTENT,HIT,FILENAME,CATECODE,REG_DATE,UPDATE_DATE,RECOMENDCOUNT,PRICE,ID,CATECODEREF,REPLYCNT,FAVORITE_CNT) values (110,'테스트계정222','테스트게시글222',1144387,'테스트내용222',0,'테스트파일222','200',to_date('21/12/22','RR/MM/DD'),to_date('21/12/22','RR/MM/DD'),1,300,'testid222','201',0,0);
Insert into CETUS.TBL_BOARD (BNO,NICKNAME,TITLE,FILESIZE,CONTENT,HIT,FILENAME,CATECODE,REG_DATE,UPDATE_DATE,RECOMENDCOUNT,PRICE,ID,CATECODEREF,REPLYCNT,FAVORITE_CNT) values (111,'테스트계정222','테스트게시글222',1144387,'테스트내용222',0,'테스트파일222','200',to_date('21/12/22','RR/MM/DD'),to_date('21/12/22','RR/MM/DD'),1,300,'testid222','202',0,0);
Insert into CETUS.TBL_BOARD (BNO,NICKNAME,TITLE,FILESIZE,CONTENT,HIT,FILENAME,CATECODE,REG_DATE,UPDATE_DATE,RECOMENDCOUNT,PRICE,ID,CATECODEREF,REPLYCNT,FAVORITE_CNT) values (112,'테스트계정222','테스트게시글222',1144387,'테스트내용222',0,'테스트파일222','200',to_date('21/12/22','RR/MM/DD'),to_date('21/12/22','RR/MM/DD'),1,300,'testid222','203',0,0);
Insert into CETUS.TBL_BOARD (BNO,NICKNAME,TITLE,FILESIZE,CONTENT,HIT,FILENAME,CATECODE,REG_DATE,UPDATE_DATE,RECOMENDCOUNT,PRICE,ID,CATECODEREF,REPLYCNT,FAVORITE_CNT) values (113,'테스트계정222','테스트게시글222',1144387,'테스트내용222',0,'테스트파일222','200',to_date('21/12/22','RR/MM/DD'),to_date('21/12/22','RR/MM/DD'),1,300,'testid222','204',0,0);
Insert into CETUS.TBL_BOARD (BNO,NICKNAME,TITLE,FILESIZE,CONTENT,HIT,FILENAME,CATECODE,REG_DATE,UPDATE_DATE,RECOMENDCOUNT,PRICE,ID,CATECODEREF,REPLYCNT,FAVORITE_CNT) values (114,'테스트계정222','테스트게시글222',1144387,'테스트내용222',0,'테스트파일222','200',to_date('21/12/22','RR/MM/DD'),to_date('21/12/22','RR/MM/DD'),1,300,'testid222','205',0,0);
Insert into CETUS.TBL_BOARD (BNO,NICKNAME,TITLE,FILESIZE,CONTENT,HIT,FILENAME,CATECODE,REG_DATE,UPDATE_DATE,RECOMENDCOUNT,PRICE,ID,CATECODEREF,REPLYCNT,FAVORITE_CNT) values (115,'테스트계정222','테스트게시글222',1144387,'테스트내용222',0,'테스트파일222','300',to_date('21/12/22','RR/MM/DD'),to_date('21/12/22','RR/MM/DD'),1,300,'testid222','301',0,0);
Insert into CETUS.TBL_BOARD (BNO,NICKNAME,TITLE,FILESIZE,CONTENT,HIT,FILENAME,CATECODE,REG_DATE,UPDATE_DATE,RECOMENDCOUNT,PRICE,ID,CATECODEREF,REPLYCNT,FAVORITE_CNT) values (116,'테스트계정222','테스트게시글222',1144387,'테스트내용222',0,'테스트파일222','300',to_date('21/12/22','RR/MM/DD'),to_date('21/12/22','RR/MM/DD'),1,300,'testid222','302',0,0);
Insert into CETUS.TBL_BOARD (BNO,NICKNAME,TITLE,FILESIZE,CONTENT,HIT,FILENAME,CATECODE,REG_DATE,UPDATE_DATE,RECOMENDCOUNT,PRICE,ID,CATECODEREF,REPLYCNT,FAVORITE_CNT) values (117,'테스트계정222','테스트게시글222',1144387,'테스트내용222',0,'테스트파일222','300',to_date('21/12/22','RR/MM/DD'),to_date('21/12/22','RR/MM/DD'),1,300,'testid222','303',0,0);
Insert into CETUS.TBL_BOARD (BNO,NICKNAME,TITLE,FILESIZE,CONTENT,HIT,FILENAME,CATECODE,REG_DATE,UPDATE_DATE,RECOMENDCOUNT,PRICE,ID,CATECODEREF,REPLYCNT,FAVORITE_CNT) values (118,'테스트계정222','테스트게시글222',1144387,'테스트내용222',0,'테스트파일222','300',to_date('21/12/22','RR/MM/DD'),to_date('21/12/22','RR/MM/DD'),1,300,'testid222','304',0,0);
Insert into CETUS.TBL_BOARD (BNO,NICKNAME,TITLE,FILESIZE,CONTENT,HIT,FILENAME,CATECODE,REG_DATE,UPDATE_DATE,RECOMENDCOUNT,PRICE,ID,CATECODEREF,REPLYCNT,FAVORITE_CNT) values (119,'테스트계정222','테스트게시글222',1144387,'테스트내용222',0,'테스트파일222','300',to_date('21/12/22','RR/MM/DD'),to_date('21/12/22','RR/MM/DD'),1,300,'testid222','305',0,0);
Insert into CETUS.TBL_BOARD (BNO,NICKNAME,TITLE,FILESIZE,CONTENT,HIT,FILENAME,CATECODE,REG_DATE,UPDATE_DATE,RECOMENDCOUNT,PRICE,ID,CATECODEREF,REPLYCNT,FAVORITE_CNT) values (120,'테스트계정222','테스트게시글222',1144387,'테스트내용222',0,'테스트파일222','400',to_date('21/12/22','RR/MM/DD'),to_date('21/12/22','RR/MM/DD'),4,300,'testid222','401',0,0);
Insert into CETUS.TBL_BOARD (BNO,NICKNAME,TITLE,FILESIZE,CONTENT,HIT,FILENAME,CATECODE,REG_DATE,UPDATE_DATE,RECOMENDCOUNT,PRICE,ID,CATECODEREF,REPLYCNT,FAVORITE_CNT) values (121,'테스트계정222','테스트게시글222',1144387,'테스트내용222',0,'테스트파일222','400',to_date('21/12/22','RR/MM/DD'),to_date('21/12/22','RR/MM/DD'),4,300,'testid222','402',0,0);
Insert into CETUS.TBL_BOARD (BNO,NICKNAME,TITLE,FILESIZE,CONTENT,HIT,FILENAME,CATECODE,REG_DATE,UPDATE_DATE,RECOMENDCOUNT,PRICE,ID,CATECODEREF,REPLYCNT,FAVORITE_CNT) values (122,'테스트계정222','테스트게시글222',1144387,'테스트내용222',0,'테스트파일222','400',to_date('21/12/22','RR/MM/DD'),to_date('21/12/22','RR/MM/DD'),4,300,'testid222','403',0,0);
Insert into CETUS.TBL_BOARD (BNO,NICKNAME,TITLE,FILESIZE,CONTENT,HIT,FILENAME,CATECODE,REG_DATE,UPDATE_DATE,RECOMENDCOUNT,PRICE,ID,CATECODEREF,REPLYCNT,FAVORITE_CNT) values (123,'테스트계정222','테스트게시글222',1144387,'테스트내용222',0,'테스트파일222','400',to_date('21/12/22','RR/MM/DD'),to_date('21/12/22','RR/MM/DD'),4,300,'testid222','404',0,0);
Insert into CETUS.TBL_BOARD (BNO,NICKNAME,TITLE,FILESIZE,CONTENT,HIT,FILENAME,CATECODE,REG_DATE,UPDATE_DATE,RECOMENDCOUNT,PRICE,ID,CATECODEREF,REPLYCNT,FAVORITE_CNT) values (124,'테스트계정222','테스트게시글222',1144387,'테스트내용222',0,'테스트파일222','400',to_date('21/12/22','RR/MM/DD'),to_date('21/12/22','RR/MM/DD'),4,300,'testid222','405',0,0);
Insert into CETUS.TBL_BOARD (BNO,NICKNAME,TITLE,FILESIZE,CONTENT,HIT,FILENAME,CATECODE,REG_DATE,UPDATE_DATE,RECOMENDCOUNT,PRICE,ID,CATECODEREF,REPLYCNT,FAVORITE_CNT) values (125,'테스트계정222','테스트게시글222',1144387,'테스트내용222',0,'테스트파일222','500',to_date('21/12/22','RR/MM/DD'),to_date('21/12/22','RR/MM/DD'),4,300,'testid222','501',0,0);
Insert into CETUS.TBL_BOARD (BNO,NICKNAME,TITLE,FILESIZE,CONTENT,HIT,FILENAME,CATECODE,REG_DATE,UPDATE_DATE,RECOMENDCOUNT,PRICE,ID,CATECODEREF,REPLYCNT,FAVORITE_CNT) values (126,'테스트계정222','테스트게시글222',1144387,'테스트내용222',0,'테스트파일222','500',to_date('21/12/22','RR/MM/DD'),to_date('21/12/22','RR/MM/DD'),4,300,'testid222','502',0,0);
Insert into CETUS.TBL_BOARD (BNO,NICKNAME,TITLE,FILESIZE,CONTENT,HIT,FILENAME,CATECODE,REG_DATE,UPDATE_DATE,RECOMENDCOUNT,PRICE,ID,CATECODEREF,REPLYCNT,FAVORITE_CNT) values (127,'테스트계정222','테스트게시글222',1144387,'테스트내용222',0,'테스트파일222','500',to_date('21/12/22','RR/MM/DD'),to_date('21/12/22','RR/MM/DD'),4,300,'testid222','503',0,0);
Insert into CETUS.TBL_BOARD (BNO,NICKNAME,TITLE,FILESIZE,CONTENT,HIT,FILENAME,CATECODE,REG_DATE,UPDATE_DATE,RECOMENDCOUNT,PRICE,ID,CATECODEREF,REPLYCNT,FAVORITE_CNT) values (128,'테스트계정222','테스트게시글222',1144387,'테스트내용222',0,'테스트파일222','500',to_date('21/12/22','RR/MM/DD'),to_date('21/12/22','RR/MM/DD'),4,300,'testid222','504',0,0);
Insert into CETUS.TBL_BOARD (BNO,NICKNAME,TITLE,FILESIZE,CONTENT,HIT,FILENAME,CATECODE,REG_DATE,UPDATE_DATE,RECOMENDCOUNT,PRICE,ID,CATECODEREF,REPLYCNT,FAVORITE_CNT) values (129,'테스트계정222','테스트게시글222',1144387,'테스트내용222',0,'테스트파일222','500',to_date('21/12/22','RR/MM/DD'),to_date('21/12/22','RR/MM/DD'),4,300,'testid222','505',0,0);
Insert into CETUS.TBL_BOARD (BNO,NICKNAME,TITLE,FILESIZE,CONTENT,HIT,FILENAME,CATECODE,REG_DATE,UPDATE_DATE,RECOMENDCOUNT,PRICE,ID,CATECODEREF,REPLYCNT,FAVORITE_CNT) values (130,'테스트계정222','테스트게시글222',1144387,'테스트내용222',1,'테스트파일222','600',to_date('21/12/22','RR/MM/DD'),to_date('21/12/22','RR/MM/DD'),4,300,'testid222','601',0,0);
Insert into CETUS.TBL_BOARD (BNO,NICKNAME,TITLE,FILESIZE,CONTENT,HIT,FILENAME,CATECODE,REG_DATE,UPDATE_DATE,RECOMENDCOUNT,PRICE,ID,CATECODEREF,REPLYCNT,FAVORITE_CNT) values (131,'테스트계정222','테스트게시글222',1144387,'테스트내용222',0,'테스트파일222','600',to_date('21/12/22','RR/MM/DD'),to_date('21/12/22','RR/MM/DD'),4,300,'testid222','602',0,0);
Insert into CETUS.TBL_BOARD (BNO,NICKNAME,TITLE,FILESIZE,CONTENT,HIT,FILENAME,CATECODE,REG_DATE,UPDATE_DATE,RECOMENDCOUNT,PRICE,ID,CATECODEREF,REPLYCNT,FAVORITE_CNT) values (132,'테스트계정222','테스트게시글222',1144387,'테스트내용222',0,'테스트파일222','600',to_date('21/12/22','RR/MM/DD'),to_date('21/12/22','RR/MM/DD'),4,300,'testid222','603',0,0);
Insert into CETUS.TBL_BOARD (BNO,NICKNAME,TITLE,FILESIZE,CONTENT,HIT,FILENAME,CATECODE,REG_DATE,UPDATE_DATE,RECOMENDCOUNT,PRICE,ID,CATECODEREF,REPLYCNT,FAVORITE_CNT) values (133,'테스트계정222','테스트게시글222',1144387,'테스트내용222',0,'테스트파일222','600',to_date('21/12/22','RR/MM/DD'),to_date('21/12/22','RR/MM/DD'),4,300,'testid222','604',0,0);
Insert into CETUS.TBL_BOARD (BNO,NICKNAME,TITLE,FILESIZE,CONTENT,HIT,FILENAME,CATECODE,REG_DATE,UPDATE_DATE,RECOMENDCOUNT,PRICE,ID,CATECODEREF,REPLYCNT,FAVORITE_CNT) values (134,'테스트계정222','테스트게시글222',1144387,'테스트내용222',0,'테스트파일222','600',to_date('21/12/22','RR/MM/DD'),to_date('21/12/22','RR/MM/DD'),4,300,'testid222','605',0,0);
Insert into CETUS.TBL_BOARD (BNO,NICKNAME,TITLE,FILESIZE,CONTENT,HIT,FILENAME,CATECODE,REG_DATE,UPDATE_DATE,RECOMENDCOUNT,PRICE,ID,CATECODEREF,REPLYCNT,FAVORITE_CNT) values (135,'테스트계정222','테스트게시글222',1144387,'테스트내용222',0,'테스트파일222','700',to_date('21/12/22','RR/MM/DD'),to_date('21/12/22','RR/MM/DD'),4,300,'testid222','701',0,0);
Insert into CETUS.TBL_BOARD (BNO,NICKNAME,TITLE,FILESIZE,CONTENT,HIT,FILENAME,CATECODE,REG_DATE,UPDATE_DATE,RECOMENDCOUNT,PRICE,ID,CATECODEREF,REPLYCNT,FAVORITE_CNT) values (136,'테스트계정222','테스트게시글222',1144387,'테스트내용222',0,'테스트파일222','700',to_date('21/12/22','RR/MM/DD'),to_date('21/12/22','RR/MM/DD'),4,300,'testid222','702',0,0);
Insert into CETUS.TBL_BOARD (BNO,NICKNAME,TITLE,FILESIZE,CONTENT,HIT,FILENAME,CATECODE,REG_DATE,UPDATE_DATE,RECOMENDCOUNT,PRICE,ID,CATECODEREF,REPLYCNT,FAVORITE_CNT) values (137,'테스트계정222','테스트게시글222',1144387,'테스트내용222',0,'테스트파일222','700',to_date('21/12/22','RR/MM/DD'),to_date('21/12/22','RR/MM/DD'),4,300,'testid222','703',0,0);
Insert into CETUS.TBL_BOARD (BNO,NICKNAME,TITLE,FILESIZE,CONTENT,HIT,FILENAME,CATECODE,REG_DATE,UPDATE_DATE,RECOMENDCOUNT,PRICE,ID,CATECODEREF,REPLYCNT,FAVORITE_CNT) values (138,'테스트계정222','테스트게시글222',1144387,'테스트내용222',0,'테스트파일222','700',to_date('21/12/22','RR/MM/DD'),to_date('21/12/22','RR/MM/DD'),4,300,'testid222','704',0,0);
Insert into CETUS.TBL_BOARD (BNO,NICKNAME,TITLE,FILESIZE,CONTENT,HIT,FILENAME,CATECODE,REG_DATE,UPDATE_DATE,RECOMENDCOUNT,PRICE,ID,CATECODEREF,REPLYCNT,FAVORITE_CNT) values (139,'테스트계정222','테스트게시글222',1144387,'테스트내용222',0,'테스트파일222','700',to_date('21/12/22','RR/MM/DD'),to_date('21/12/22','RR/MM/DD'),4,300,'testid222','705',0,0);
Insert into CETUS.TBL_BOARD (BNO,NICKNAME,TITLE,FILESIZE,CONTENT,HIT,FILENAME,CATECODE,REG_DATE,UPDATE_DATE,RECOMENDCOUNT,PRICE,ID,CATECODEREF,REPLYCNT,FAVORITE_CNT) values (140,'테스트계정222','테스트게시글222',1144387,'테스트내용222',0,'테스트파일222','100',to_date('21/12/22','RR/MM/DD'),to_date('21/12/22','RR/MM/DD'),4,300,'testid222','101',0,0);
Insert into CETUS.TBL_BOARD (BNO,NICKNAME,TITLE,FILESIZE,CONTENT,HIT,FILENAME,CATECODE,REG_DATE,UPDATE_DATE,RECOMENDCOUNT,PRICE,ID,CATECODEREF,REPLYCNT,FAVORITE_CNT) values (141,'테스트계정222','테스트게시글222',1144387,'테스트내용222',0,'테스트파일222','100',to_date('21/12/22','RR/MM/DD'),to_date('21/12/22','RR/MM/DD'),4,300,'testid222','102',0,0);
Insert into CETUS.TBL_BOARD (BNO,NICKNAME,TITLE,FILESIZE,CONTENT,HIT,FILENAME,CATECODE,REG_DATE,UPDATE_DATE,RECOMENDCOUNT,PRICE,ID,CATECODEREF,REPLYCNT,FAVORITE_CNT) values (142,'테스트계정222','테스트게시글222',1144387,'테스트내용222',0,'테스트파일222','100',to_date('21/12/22','RR/MM/DD'),to_date('21/12/22','RR/MM/DD'),4,300,'testid222','103',0,0);
Insert into CETUS.TBL_BOARD (BNO,NICKNAME,TITLE,FILESIZE,CONTENT,HIT,FILENAME,CATECODE,REG_DATE,UPDATE_DATE,RECOMENDCOUNT,PRICE,ID,CATECODEREF,REPLYCNT,FAVORITE_CNT) values (143,'테스트계정222','테스트게시글222',1144387,'테스트내용222',0,'테스트파일222','100',to_date('21/12/22','RR/MM/DD'),to_date('21/12/22','RR/MM/DD'),4,300,'testid222','104',0,0);
Insert into CETUS.TBL_BOARD (BNO,NICKNAME,TITLE,FILESIZE,CONTENT,HIT,FILENAME,CATECODE,REG_DATE,UPDATE_DATE,RECOMENDCOUNT,PRICE,ID,CATECODEREF,REPLYCNT,FAVORITE_CNT) values (144,'테스트계정222','테스트게시글222',1144387,'테스트내용222',0,'테스트파일222','100',to_date('21/12/22','RR/MM/DD'),to_date('21/12/22','RR/MM/DD'),4,300,'testid222','105',0,0);
Insert into CETUS.TBL_BOARD (BNO,NICKNAME,TITLE,FILESIZE,CONTENT,HIT,FILENAME,CATECODE,REG_DATE,UPDATE_DATE,RECOMENDCOUNT,PRICE,ID,CATECODEREF,REPLYCNT,FAVORITE_CNT) values (145,'테스트계정222','테스트게시글222',1144387,'테스트내용222',0,'테스트파일222','200',to_date('21/12/22','RR/MM/DD'),to_date('21/12/22','RR/MM/DD'),4,300,'testid222','201',0,0);
Insert into CETUS.TBL_BOARD (BNO,NICKNAME,TITLE,FILESIZE,CONTENT,HIT,FILENAME,CATECODE,REG_DATE,UPDATE_DATE,RECOMENDCOUNT,PRICE,ID,CATECODEREF,REPLYCNT,FAVORITE_CNT) values (146,'테스트계정222','테스트게시글222',1144387,'테스트내용222',0,'테스트파일222','200',to_date('21/12/22','RR/MM/DD'),to_date('21/12/22','RR/MM/DD'),4,300,'testid222','202',0,0);
Insert into CETUS.TBL_BOARD (BNO,NICKNAME,TITLE,FILESIZE,CONTENT,HIT,FILENAME,CATECODE,REG_DATE,UPDATE_DATE,RECOMENDCOUNT,PRICE,ID,CATECODEREF,REPLYCNT,FAVORITE_CNT) values (147,'테스트계정222','테스트게시글222',1144387,'테스트내용222',0,'테스트파일222','200',to_date('21/12/22','RR/MM/DD'),to_date('21/12/22','RR/MM/DD'),4,300,'testid222','203',0,0);
Insert into CETUS.TBL_BOARD (BNO,NICKNAME,TITLE,FILESIZE,CONTENT,HIT,FILENAME,CATECODE,REG_DATE,UPDATE_DATE,RECOMENDCOUNT,PRICE,ID,CATECODEREF,REPLYCNT,FAVORITE_CNT) values (148,'테스트계정222','테스트게시글222',1144387,'테스트내용222',0,'테스트파일222','200',to_date('21/12/22','RR/MM/DD'),to_date('21/12/22','RR/MM/DD'),4,300,'testid222','204',0,0);
Insert into CETUS.TBL_BOARD (BNO,NICKNAME,TITLE,FILESIZE,CONTENT,HIT,FILENAME,CATECODE,REG_DATE,UPDATE_DATE,RECOMENDCOUNT,PRICE,ID,CATECODEREF,REPLYCNT,FAVORITE_CNT) values (149,'테스트계정222','테스트게시글222',1144387,'테스트내용222',0,'테스트파일222','200',to_date('21/12/22','RR/MM/DD'),to_date('21/12/22','RR/MM/DD'),4,300,'testid222','205',0,0);
Insert into CETUS.TBL_BOARD (BNO,NICKNAME,TITLE,FILESIZE,CONTENT,HIT,FILENAME,CATECODE,REG_DATE,UPDATE_DATE,RECOMENDCOUNT,PRICE,ID,CATECODEREF,REPLYCNT,FAVORITE_CNT) values (150,'테스트계정222','테스트게시글222',1144387,'테스트내용222',0,'테스트파일222','300',to_date('21/12/22','RR/MM/DD'),to_date('21/12/22','RR/MM/DD'),4,300,'testid222','301',0,0);
Insert into CETUS.TBL_BOARD (BNO,NICKNAME,TITLE,FILESIZE,CONTENT,HIT,FILENAME,CATECODE,REG_DATE,UPDATE_DATE,RECOMENDCOUNT,PRICE,ID,CATECODEREF,REPLYCNT,FAVORITE_CNT) values (151,'테스트계정222','테스트게시글222',1144387,'테스트내용222',0,'테스트파일222','300',to_date('21/12/22','RR/MM/DD'),to_date('21/12/22','RR/MM/DD'),4,300,'testid222','302',0,0);
Insert into CETUS.TBL_BOARD (BNO,NICKNAME,TITLE,FILESIZE,CONTENT,HIT,FILENAME,CATECODE,REG_DATE,UPDATE_DATE,RECOMENDCOUNT,PRICE,ID,CATECODEREF,REPLYCNT,FAVORITE_CNT) values (152,'테스트계정222','테스트게시글222',1144387,'테스트내용222',0,'테스트파일222','300',to_date('21/12/22','RR/MM/DD'),to_date('21/12/22','RR/MM/DD'),4,300,'testid222','303',0,0);
Insert into CETUS.TBL_BOARD (BNO,NICKNAME,TITLE,FILESIZE,CONTENT,HIT,FILENAME,CATECODE,REG_DATE,UPDATE_DATE,RECOMENDCOUNT,PRICE,ID,CATECODEREF,REPLYCNT,FAVORITE_CNT) values (153,'테스트계정222','테스트게시글222',1144387,'테스트내용222',0,'테스트파일222','300',to_date('21/12/22','RR/MM/DD'),to_date('21/12/22','RR/MM/DD'),4,300,'testid222','304',0,0);
Insert into CETUS.TBL_BOARD (BNO,NICKNAME,TITLE,FILESIZE,CONTENT,HIT,FILENAME,CATECODE,REG_DATE,UPDATE_DATE,RECOMENDCOUNT,PRICE,ID,CATECODEREF,REPLYCNT,FAVORITE_CNT) values (154,'테스트계정222','테스트게시글222',1144387,'테스트내용222',0,'테스트파일222','300',to_date('21/12/22','RR/MM/DD'),to_date('21/12/22','RR/MM/DD'),4,300,'testid222','305',0,0);
Insert into CETUS.TBL_BOARD (BNO,NICKNAME,TITLE,FILESIZE,CONTENT,HIT,FILENAME,CATECODE,REG_DATE,UPDATE_DATE,RECOMENDCOUNT,PRICE,ID,CATECODEREF,REPLYCNT,FAVORITE_CNT) values (155,'테스트계정222','테스트게시글222',1144387,'테스트내용222',0,'테스트파일222','400',to_date('21/12/22','RR/MM/DD'),to_date('21/12/22','RR/MM/DD'),4,300,'testid222','401',0,0);
Insert into CETUS.TBL_BOARD (BNO,NICKNAME,TITLE,FILESIZE,CONTENT,HIT,FILENAME,CATECODE,REG_DATE,UPDATE_DATE,RECOMENDCOUNT,PRICE,ID,CATECODEREF,REPLYCNT,FAVORITE_CNT) values (156,'테스트계정222','테스트게시글222',1144387,'테스트내용222',0,'테스트파일222','400',to_date('21/12/22','RR/MM/DD'),to_date('21/12/22','RR/MM/DD'),4,300,'testid222','402',0,0);
Insert into CETUS.TBL_BOARD (BNO,NICKNAME,TITLE,FILESIZE,CONTENT,HIT,FILENAME,CATECODE,REG_DATE,UPDATE_DATE,RECOMENDCOUNT,PRICE,ID,CATECODEREF,REPLYCNT,FAVORITE_CNT) values (157,'테스트계정222','테스트게시글222',1144387,'테스트내용222',0,'테스트파일222','400',to_date('21/12/22','RR/MM/DD'),to_date('21/12/22','RR/MM/DD'),4,300,'testid222','403',0,0);
Insert into CETUS.TBL_BOARD (BNO,NICKNAME,TITLE,FILESIZE,CONTENT,HIT,FILENAME,CATECODE,REG_DATE,UPDATE_DATE,RECOMENDCOUNT,PRICE,ID,CATECODEREF,REPLYCNT,FAVORITE_CNT) values (158,'테스트계정222','테스트게시글222',1144387,'테스트내용222',0,'테스트파일222','400',to_date('21/12/22','RR/MM/DD'),to_date('21/12/22','RR/MM/DD'),4,300,'testid222','404',0,0);
Insert into CETUS.TBL_BOARD (BNO,NICKNAME,TITLE,FILESIZE,CONTENT,HIT,FILENAME,CATECODE,REG_DATE,UPDATE_DATE,RECOMENDCOUNT,PRICE,ID,CATECODEREF,REPLYCNT,FAVORITE_CNT) values (159,'테스트계정222','테스트게시글222',1144387,'테스트내용222',0,'테스트파일222','400',to_date('21/12/22','RR/MM/DD'),to_date('21/12/22','RR/MM/DD'),4,300,'testid222','405',0,0);
Insert into CETUS.TBL_BOARD (BNO,NICKNAME,TITLE,FILESIZE,CONTENT,HIT,FILENAME,CATECODE,REG_DATE,UPDATE_DATE,RECOMENDCOUNT,PRICE,ID,CATECODEREF,REPLYCNT,FAVORITE_CNT) values (160,'테스트계정222','테스트게시글222',1144387,'테스트내용222',0,'테스트파일222','500',to_date('21/12/22','RR/MM/DD'),to_date('21/12/22','RR/MM/DD'),4,300,'testid222','501',0,0);
Insert into CETUS.TBL_BOARD (BNO,NICKNAME,TITLE,FILESIZE,CONTENT,HIT,FILENAME,CATECODE,REG_DATE,UPDATE_DATE,RECOMENDCOUNT,PRICE,ID,CATECODEREF,REPLYCNT,FAVORITE_CNT) values (161,'테스트계정222','테스트게시글222',1144387,'테스트내용222',0,'테스트파일222','500',to_date('21/12/22','RR/MM/DD'),to_date('21/12/22','RR/MM/DD'),1,300,'testid222','502',0,0);
Insert into CETUS.TBL_BOARD (BNO,NICKNAME,TITLE,FILESIZE,CONTENT,HIT,FILENAME,CATECODE,REG_DATE,UPDATE_DATE,RECOMENDCOUNT,PRICE,ID,CATECODEREF,REPLYCNT,FAVORITE_CNT) values (162,'테스트계정222','테스트게시글222',1144387,'테스트내용222',0,'테스트파일222','500',to_date('21/12/22','RR/MM/DD'),to_date('21/12/22','RR/MM/DD'),1,300,'testid222','503',0,0);
Insert into CETUS.TBL_BOARD (BNO,NICKNAME,TITLE,FILESIZE,CONTENT,HIT,FILENAME,CATECODE,REG_DATE,UPDATE_DATE,RECOMENDCOUNT,PRICE,ID,CATECODEREF,REPLYCNT,FAVORITE_CNT) values (163,'테스트계정222','테스트게시글222',1144387,'테스트내용222',0,'테스트파일222','500',to_date('21/12/22','RR/MM/DD'),to_date('21/12/22','RR/MM/DD'),1,300,'testid222','504',0,0);
Insert into CETUS.TBL_BOARD (BNO,NICKNAME,TITLE,FILESIZE,CONTENT,HIT,FILENAME,CATECODE,REG_DATE,UPDATE_DATE,RECOMENDCOUNT,PRICE,ID,CATECODEREF,REPLYCNT,FAVORITE_CNT) values (164,'테스트계정222','테스트게시글222',1144387,'테스트내용222',0,'테스트파일222','500',to_date('21/12/22','RR/MM/DD'),to_date('21/12/22','RR/MM/DD'),1,300,'testid222','505',0,0);
Insert into CETUS.TBL_BOARD (BNO,NICKNAME,TITLE,FILESIZE,CONTENT,HIT,FILENAME,CATECODE,REG_DATE,UPDATE_DATE,RECOMENDCOUNT,PRICE,ID,CATECODEREF,REPLYCNT,FAVORITE_CNT) values (165,'테스트계정222','테스트게시글222',1144387,'테스트내용222',0,'테스트파일222','600',to_date('21/12/22','RR/MM/DD'),to_date('21/12/22','RR/MM/DD'),1,300,'testid222','601',0,0);
Insert into CETUS.TBL_BOARD (BNO,NICKNAME,TITLE,FILESIZE,CONTENT,HIT,FILENAME,CATECODE,REG_DATE,UPDATE_DATE,RECOMENDCOUNT,PRICE,ID,CATECODEREF,REPLYCNT,FAVORITE_CNT) values (166,'테스트계정222','테스트게시글222',1144387,'테스트내용222',0,'테스트파일222','600',to_date('21/12/22','RR/MM/DD'),to_date('21/12/22','RR/MM/DD'),1,300,'testid222','602',0,0);
Insert into CETUS.TBL_BOARD (BNO,NICKNAME,TITLE,FILESIZE,CONTENT,HIT,FILENAME,CATECODE,REG_DATE,UPDATE_DATE,RECOMENDCOUNT,PRICE,ID,CATECODEREF,REPLYCNT,FAVORITE_CNT) values (167,'테스트계정222','테스트게시글222',1144387,'테스트내용222',0,'테스트파일222','600',to_date('21/12/22','RR/MM/DD'),to_date('21/12/22','RR/MM/DD'),1,300,'testid222','603',0,0);
Insert into CETUS.TBL_BOARD (BNO,NICKNAME,TITLE,FILESIZE,CONTENT,HIT,FILENAME,CATECODE,REG_DATE,UPDATE_DATE,RECOMENDCOUNT,PRICE,ID,CATECODEREF,REPLYCNT,FAVORITE_CNT) values (168,'테스트계정222','테스트게시글222',1144387,'테스트내용222',0,'테스트파일222','600',to_date('21/12/22','RR/MM/DD'),to_date('21/12/22','RR/MM/DD'),1,300,'testid222','604',0,0);
Insert into CETUS.TBL_BOARD (BNO,NICKNAME,TITLE,FILESIZE,CONTENT,HIT,FILENAME,CATECODE,REG_DATE,UPDATE_DATE,RECOMENDCOUNT,PRICE,ID,CATECODEREF,REPLYCNT,FAVORITE_CNT) values (169,'테스트계정222','테스트게시글222',1144387,'테스트내용222',0,'테스트파일222','600',to_date('21/12/22','RR/MM/DD'),to_date('21/12/22','RR/MM/DD'),1,300,'testid222','605',0,0);
Insert into CETUS.TBL_BOARD (BNO,NICKNAME,TITLE,FILESIZE,CONTENT,HIT,FILENAME,CATECODE,REG_DATE,UPDATE_DATE,RECOMENDCOUNT,PRICE,ID,CATECODEREF,REPLYCNT,FAVORITE_CNT) values (170,'테스트계정222','테스트게시글222',1144387,'테스트내용222',4,'테스트파일222','700',to_date('21/12/22','RR/MM/DD'),to_date('21/12/22','RR/MM/DD'),6,300,'testid222','701',0,0);
Insert into CETUS.TBL_BOARD (BNO,NICKNAME,TITLE,FILESIZE,CONTENT,HIT,FILENAME,CATECODE,REG_DATE,UPDATE_DATE,RECOMENDCOUNT,PRICE,ID,CATECODEREF,REPLYCNT,FAVORITE_CNT) values (171,'테스트계정222','테스트게시글222',1144387,'테스트내용222',0,'테스트파일222','700',to_date('21/12/22','RR/MM/DD'),to_date('21/12/22','RR/MM/DD'),6,300,'testid222','702',0,0);
Insert into CETUS.TBL_BOARD (BNO,NICKNAME,TITLE,FILESIZE,CONTENT,HIT,FILENAME,CATECODE,REG_DATE,UPDATE_DATE,RECOMENDCOUNT,PRICE,ID,CATECODEREF,REPLYCNT,FAVORITE_CNT) values (172,'테스트계정222','테스트게시글222',1144387,'테스트내용222',0,'테스트파일222','700',to_date('21/12/22','RR/MM/DD'),to_date('21/12/22','RR/MM/DD'),6,300,'testid222','703',0,0);
Insert into CETUS.TBL_BOARD (BNO,NICKNAME,TITLE,FILESIZE,CONTENT,HIT,FILENAME,CATECODE,REG_DATE,UPDATE_DATE,RECOMENDCOUNT,PRICE,ID,CATECODEREF,REPLYCNT,FAVORITE_CNT) values (173,'테스트계정222','테스트게시글222',1144387,'테스트내용222',0,'테스트파일222','700',to_date('21/12/22','RR/MM/DD'),to_date('21/12/22','RR/MM/DD'),6,300,'testid222','704',0,0);
Insert into CETUS.TBL_BOARD (BNO,NICKNAME,TITLE,FILESIZE,CONTENT,HIT,FILENAME,CATECODE,REG_DATE,UPDATE_DATE,RECOMENDCOUNT,PRICE,ID,CATECODEREF,REPLYCNT,FAVORITE_CNT) values (174,'테스트계정222','테스트게시글222',1144387,'테스트내용222',0,'테스트파일222','700',to_date('21/12/22','RR/MM/DD'),to_date('21/12/22','RR/MM/DD'),6,300,'testid222','705',0,0);
Insert into CETUS.TBL_BOARD (BNO,NICKNAME,TITLE,FILESIZE,CONTENT,HIT,FILENAME,CATECODE,REG_DATE,UPDATE_DATE,RECOMENDCOUNT,PRICE,ID,CATECODEREF,REPLYCNT,FAVORITE_CNT) values (175,'테스트계정222','테스트게시글222',1144387,'테스트내용222',2,'테스트파일222','100',to_date('21/12/22','RR/MM/DD'),to_date('21/12/22','RR/MM/DD'),6,300,'testid222','101',0,0);
Insert into CETUS.TBL_BOARD (BNO,NICKNAME,TITLE,FILESIZE,CONTENT,HIT,FILENAME,CATECODE,REG_DATE,UPDATE_DATE,RECOMENDCOUNT,PRICE,ID,CATECODEREF,REPLYCNT,FAVORITE_CNT) values (176,'테스트계정222','테스트게시글222',1144387,'테스트내용222',1,'테스트파일222','100',to_date('21/12/22','RR/MM/DD'),to_date('21/12/22','RR/MM/DD'),6,300,'testid222','102',0,0);
Insert into CETUS.TBL_BOARD (BNO,NICKNAME,TITLE,FILESIZE,CONTENT,HIT,FILENAME,CATECODE,REG_DATE,UPDATE_DATE,RECOMENDCOUNT,PRICE,ID,CATECODEREF,REPLYCNT,FAVORITE_CNT) values (177,'테스트계정222','테스트게시글222',1144387,'테스트내용222',1,'테스트파일222','100',to_date('21/12/22','RR/MM/DD'),to_date('21/12/22','RR/MM/DD'),6,300,'testid222','103',1,0);
Insert into CETUS.TBL_BOARD (BNO,NICKNAME,TITLE,FILESIZE,CONTENT,HIT,FILENAME,CATECODE,REG_DATE,UPDATE_DATE,RECOMENDCOUNT,PRICE,ID,CATECODEREF,REPLYCNT,FAVORITE_CNT) values (178,'테스트계정222','테스트게시글222',1144387,'테스트내용222',0,'테스트파일222','100',to_date('21/12/22','RR/MM/DD'),to_date('21/12/22','RR/MM/DD'),6,300,'testid222','104',0,0);
Insert into CETUS.TBL_BOARD (BNO,NICKNAME,TITLE,FILESIZE,CONTENT,HIT,FILENAME,CATECODE,REG_DATE,UPDATE_DATE,RECOMENDCOUNT,PRICE,ID,CATECODEREF,REPLYCNT,FAVORITE_CNT) values (179,'테스트계정222','테스트게시글222',1144387,'테스트내용222',0,'테스트파일222','100',to_date('21/12/22','RR/MM/DD'),to_date('21/12/22','RR/MM/DD'),6,300,'testid222','105',0,0);
Insert into CETUS.TBL_BOARD (BNO,NICKNAME,TITLE,FILESIZE,CONTENT,HIT,FILENAME,CATECODE,REG_DATE,UPDATE_DATE,RECOMENDCOUNT,PRICE,ID,CATECODEREF,REPLYCNT,FAVORITE_CNT) values (180,'테스트계정222','테스트게시글222',1144387,'테스트내용222',0,'테스트파일222','200',to_date('21/12/22','RR/MM/DD'),to_date('21/12/22','RR/MM/DD'),6,300,'testid222','201',0,0);
Insert into CETUS.TBL_BOARD (BNO,NICKNAME,TITLE,FILESIZE,CONTENT,HIT,FILENAME,CATECODE,REG_DATE,UPDATE_DATE,RECOMENDCOUNT,PRICE,ID,CATECODEREF,REPLYCNT,FAVORITE_CNT) values (181,'테스트계정222','테스트게시글222',1144387,'테스트내용222',0,'테스트파일222','200',to_date('21/12/22','RR/MM/DD'),to_date('21/12/22','RR/MM/DD'),6,300,'testid222','202',0,0);
Insert into CETUS.TBL_BOARD (BNO,NICKNAME,TITLE,FILESIZE,CONTENT,HIT,FILENAME,CATECODE,REG_DATE,UPDATE_DATE,RECOMENDCOUNT,PRICE,ID,CATECODEREF,REPLYCNT,FAVORITE_CNT) values (182,'테스트계정222','테스트게시글222',1144387,'테스트내용222',0,'테스트파일222','200',to_date('21/12/22','RR/MM/DD'),to_date('21/12/22','RR/MM/DD'),6,300,'testid222','203',0,0);
Insert into CETUS.TBL_BOARD (BNO,NICKNAME,TITLE,FILESIZE,CONTENT,HIT,FILENAME,CATECODE,REG_DATE,UPDATE_DATE,RECOMENDCOUNT,PRICE,ID,CATECODEREF,REPLYCNT,FAVORITE_CNT) values (183,'테스트계정222','테스트게시글222',1144387,'테스트내용222',0,'테스트파일222','200',to_date('21/12/22','RR/MM/DD'),to_date('21/12/22','RR/MM/DD'),6,300,'testid222','204',0,0);
Insert into CETUS.TBL_BOARD (BNO,NICKNAME,TITLE,FILESIZE,CONTENT,HIT,FILENAME,CATECODE,REG_DATE,UPDATE_DATE,RECOMENDCOUNT,PRICE,ID,CATECODEREF,REPLYCNT,FAVORITE_CNT) values (184,'테스트계정222','테스트게시글222',1144387,'테스트내용222',0,'테스트파일222','200',to_date('21/12/22','RR/MM/DD'),to_date('21/12/22','RR/MM/DD'),6,300,'testid222','205',0,0);
Insert into CETUS.TBL_BOARD (BNO,NICKNAME,TITLE,FILESIZE,CONTENT,HIT,FILENAME,CATECODE,REG_DATE,UPDATE_DATE,RECOMENDCOUNT,PRICE,ID,CATECODEREF,REPLYCNT,FAVORITE_CNT) values (185,'테스트계정222','테스트게시글222',1144387,'테스트내용222',0,'테스트파일222','300',to_date('21/12/22','RR/MM/DD'),to_date('21/12/22','RR/MM/DD'),6,300,'testid222','301',0,0);
Insert into CETUS.TBL_BOARD (BNO,NICKNAME,TITLE,FILESIZE,CONTENT,HIT,FILENAME,CATECODE,REG_DATE,UPDATE_DATE,RECOMENDCOUNT,PRICE,ID,CATECODEREF,REPLYCNT,FAVORITE_CNT) values (186,'테스트계정222','테스트게시글222',1144387,'테스트내용222',0,'테스트파일222','300',to_date('21/12/22','RR/MM/DD'),to_date('21/12/22','RR/MM/DD'),6,300,'testid222','302',0,0);
Insert into CETUS.TBL_BOARD (BNO,NICKNAME,TITLE,FILESIZE,CONTENT,HIT,FILENAME,CATECODE,REG_DATE,UPDATE_DATE,RECOMENDCOUNT,PRICE,ID,CATECODEREF,REPLYCNT,FAVORITE_CNT) values (187,'테스트계정222','테스트게시글222',1144387,'테스트내용222',0,'테스트파일222','300',to_date('21/12/22','RR/MM/DD'),to_date('21/12/22','RR/MM/DD'),6,300,'testid222','303',0,0);
Insert into CETUS.TBL_BOARD (BNO,NICKNAME,TITLE,FILESIZE,CONTENT,HIT,FILENAME,CATECODE,REG_DATE,UPDATE_DATE,RECOMENDCOUNT,PRICE,ID,CATECODEREF,REPLYCNT,FAVORITE_CNT) values (188,'테스트계정222','테스트게시글222',1144387,'테스트내용222',0,'테스트파일222','300',to_date('21/12/22','RR/MM/DD'),to_date('21/12/22','RR/MM/DD'),6,300,'testid222','304',0,0);
Insert into CETUS.TBL_BOARD (BNO,NICKNAME,TITLE,FILESIZE,CONTENT,HIT,FILENAME,CATECODE,REG_DATE,UPDATE_DATE,RECOMENDCOUNT,PRICE,ID,CATECODEREF,REPLYCNT,FAVORITE_CNT) values (189,'테스트계정222','테스트게시글222',1144387,'테스트내용222',0,'테스트파일222','300',to_date('21/12/22','RR/MM/DD'),to_date('21/12/22','RR/MM/DD'),6,300,'testid222','305',0,0);
Insert into CETUS.TBL_BOARD (BNO,NICKNAME,TITLE,FILESIZE,CONTENT,HIT,FILENAME,CATECODE,REG_DATE,UPDATE_DATE,RECOMENDCOUNT,PRICE,ID,CATECODEREF,REPLYCNT,FAVORITE_CNT) values (190,'테스트계정222','테스트게시글222',1144387,'테스트내용222',0,'테스트파일222','400',to_date('21/12/22','RR/MM/DD'),to_date('21/12/22','RR/MM/DD'),6,300,'testid222','401',0,0);
Insert into CETUS.TBL_BOARD (BNO,NICKNAME,TITLE,FILESIZE,CONTENT,HIT,FILENAME,CATECODE,REG_DATE,UPDATE_DATE,RECOMENDCOUNT,PRICE,ID,CATECODEREF,REPLYCNT,FAVORITE_CNT) values (191,'테스트계정222','테스트게시글222',1144387,'테스트내용222',0,'테스트파일222','400',to_date('21/12/22','RR/MM/DD'),to_date('21/12/22','RR/MM/DD'),1,300,'testid222','402',0,0);
Insert into CETUS.TBL_BOARD (BNO,NICKNAME,TITLE,FILESIZE,CONTENT,HIT,FILENAME,CATECODE,REG_DATE,UPDATE_DATE,RECOMENDCOUNT,PRICE,ID,CATECODEREF,REPLYCNT,FAVORITE_CNT) values (192,'테스트계정222','테스트게시글222',1144387,'테스트내용222',0,'테스트파일222','400',to_date('21/12/22','RR/MM/DD'),to_date('21/12/22','RR/MM/DD'),1,300,'testid222','403',0,0);
Insert into CETUS.TBL_BOARD (BNO,NICKNAME,TITLE,FILESIZE,CONTENT,HIT,FILENAME,CATECODE,REG_DATE,UPDATE_DATE,RECOMENDCOUNT,PRICE,ID,CATECODEREF,REPLYCNT,FAVORITE_CNT) values (193,'테스트계정222','테스트게시글222',1144387,'테스트내용222',0,'테스트파일222','400',to_date('21/12/22','RR/MM/DD'),to_date('21/12/22','RR/MM/DD'),1,300,'testid222','404',0,0);
Insert into CETUS.TBL_BOARD (BNO,NICKNAME,TITLE,FILESIZE,CONTENT,HIT,FILENAME,CATECODE,REG_DATE,UPDATE_DATE,RECOMENDCOUNT,PRICE,ID,CATECODEREF,REPLYCNT,FAVORITE_CNT) values (194,'테스트계정222','테스트게시글222',1144387,'테스트내용222',0,'테스트파일222','400',to_date('21/12/22','RR/MM/DD'),to_date('21/12/22','RR/MM/DD'),1,300,'testid222','405',0,0);
Insert into CETUS.TBL_BOARD (BNO,NICKNAME,TITLE,FILESIZE,CONTENT,HIT,FILENAME,CATECODE,REG_DATE,UPDATE_DATE,RECOMENDCOUNT,PRICE,ID,CATECODEREF,REPLYCNT,FAVORITE_CNT) values (195,'테스트계정222','테스트게시글222',1144387,'테스트내용222',0,'테스트파일222','500',to_date('21/12/22','RR/MM/DD'),to_date('21/12/22','RR/MM/DD'),1,300,'testid222','501',0,0);
Insert into CETUS.TBL_BOARD (BNO,NICKNAME,TITLE,FILESIZE,CONTENT,HIT,FILENAME,CATECODE,REG_DATE,UPDATE_DATE,RECOMENDCOUNT,PRICE,ID,CATECODEREF,REPLYCNT,FAVORITE_CNT) values (196,'테스트계정222','테스트게시글222',1144387,'테스트내용222',0,'테스트파일222','500',to_date('21/12/22','RR/MM/DD'),to_date('21/12/22','RR/MM/DD'),1,300,'testid222','502',0,0);
Insert into CETUS.TBL_BOARD (BNO,NICKNAME,TITLE,FILESIZE,CONTENT,HIT,FILENAME,CATECODE,REG_DATE,UPDATE_DATE,RECOMENDCOUNT,PRICE,ID,CATECODEREF,REPLYCNT,FAVORITE_CNT) values (197,'테스트계정222','테스트게시글222',1144387,'테스트내용222',0,'테스트파일222','500',to_date('21/12/22','RR/MM/DD'),to_date('21/12/22','RR/MM/DD'),1,300,'testid222','503',0,0);
Insert into CETUS.TBL_BOARD (BNO,NICKNAME,TITLE,FILESIZE,CONTENT,HIT,FILENAME,CATECODE,REG_DATE,UPDATE_DATE,RECOMENDCOUNT,PRICE,ID,CATECODEREF,REPLYCNT,FAVORITE_CNT) values (198,'테스트계정222','테스트게시글222',1144387,'테스트내용222',0,'테스트파일222','500',to_date('21/12/22','RR/MM/DD'),to_date('21/12/22','RR/MM/DD'),1,300,'testid222','504',0,0);
Insert into CETUS.TBL_BOARD (BNO,NICKNAME,TITLE,FILESIZE,CONTENT,HIT,FILENAME,CATECODE,REG_DATE,UPDATE_DATE,RECOMENDCOUNT,PRICE,ID,CATECODEREF,REPLYCNT,FAVORITE_CNT) values (199,'테스트계정222','테스트게시글222',1144387,'테스트내용222',0,'테스트파일222','500',to_date('21/12/22','RR/MM/DD'),to_date('21/12/22','RR/MM/DD'),1,300,'testid222','505',0,0);
Insert into CETUS.TBL_BOARD (BNO,NICKNAME,TITLE,FILESIZE,CONTENT,HIT,FILENAME,CATECODE,REG_DATE,UPDATE_DATE,RECOMENDCOUNT,PRICE,ID,CATECODEREF,REPLYCNT,FAVORITE_CNT) values (200,'테스트계정222','테스트게시글222',1144387,'테스트내용222',0,'테스트파일222','600',to_date('21/12/22','RR/MM/DD'),to_date('21/12/22','RR/MM/DD'),1,300,'testid222','601',0,0);
Insert into CETUS.TBL_BOARD (BNO,NICKNAME,TITLE,FILESIZE,CONTENT,HIT,FILENAME,CATECODE,REG_DATE,UPDATE_DATE,RECOMENDCOUNT,PRICE,ID,CATECODEREF,REPLYCNT,FAVORITE_CNT) values (201,'테스트계정222','테스트게시글222',1144387,'테스트내용222',0,'테스트파일222','600',to_date('21/12/22','RR/MM/DD'),to_date('21/12/22','RR/MM/DD'),0,300,'testid222','602',0,0);
Insert into CETUS.TBL_BOARD (BNO,NICKNAME,TITLE,FILESIZE,CONTENT,HIT,FILENAME,CATECODE,REG_DATE,UPDATE_DATE,RECOMENDCOUNT,PRICE,ID,CATECODEREF,REPLYCNT,FAVORITE_CNT) values (202,'테스트계정222','테스트게시글222',1144387,'테스트내용222',0,'테스트파일222','600',to_date('21/12/22','RR/MM/DD'),to_date('21/12/22','RR/MM/DD'),0,300,'testid222','603',0,0);
Insert into CETUS.TBL_BOARD (BNO,NICKNAME,TITLE,FILESIZE,CONTENT,HIT,FILENAME,CATECODE,REG_DATE,UPDATE_DATE,RECOMENDCOUNT,PRICE,ID,CATECODEREF,REPLYCNT,FAVORITE_CNT) values (203,'테스트계정222','테스트게시글222',1144387,'테스트내용222',0,'테스트파일222','600',to_date('21/12/22','RR/MM/DD'),to_date('21/12/22','RR/MM/DD'),0,300,'testid222','604',0,0);
Insert into CETUS.TBL_BOARD (BNO,NICKNAME,TITLE,FILESIZE,CONTENT,HIT,FILENAME,CATECODE,REG_DATE,UPDATE_DATE,RECOMENDCOUNT,PRICE,ID,CATECODEREF,REPLYCNT,FAVORITE_CNT) values (204,'테스트계정222','테스트게시글222',1144387,'테스트내용222',0,'테스트파일222','600',to_date('21/12/22','RR/MM/DD'),to_date('21/12/22','RR/MM/DD'),0,300,'testid222','605',0,0);
Insert into CETUS.TBL_BOARD (BNO,NICKNAME,TITLE,FILESIZE,CONTENT,HIT,FILENAME,CATECODE,REG_DATE,UPDATE_DATE,RECOMENDCOUNT,PRICE,ID,CATECODEREF,REPLYCNT,FAVORITE_CNT) values (205,'테스트계정222','테스트게시글222',1144387,'테스트내용222',0,'테스트파일222','700',to_date('21/12/22','RR/MM/DD'),to_date('21/12/22','RR/MM/DD'),0,300,'testid222','701',0,0);
Insert into CETUS.TBL_BOARD (BNO,NICKNAME,TITLE,FILESIZE,CONTENT,HIT,FILENAME,CATECODE,REG_DATE,UPDATE_DATE,RECOMENDCOUNT,PRICE,ID,CATECODEREF,REPLYCNT,FAVORITE_CNT) values (206,'테스트계정222','테스트게시글222',1144387,'테스트내용222',0,'테스트파일222','700',to_date('21/12/22','RR/MM/DD'),to_date('21/12/22','RR/MM/DD'),0,300,'testid222','702',0,0);
Insert into CETUS.TBL_BOARD (BNO,NICKNAME,TITLE,FILESIZE,CONTENT,HIT,FILENAME,CATECODE,REG_DATE,UPDATE_DATE,RECOMENDCOUNT,PRICE,ID,CATECODEREF,REPLYCNT,FAVORITE_CNT) values (207,'테스트계정222','테스트게시글222',1144387,'테스트내용222',0,'테스트파일222','700',to_date('21/12/22','RR/MM/DD'),to_date('21/12/22','RR/MM/DD'),0,300,'testid222','703',0,0);
Insert into CETUS.TBL_BOARD (BNO,NICKNAME,TITLE,FILESIZE,CONTENT,HIT,FILENAME,CATECODE,REG_DATE,UPDATE_DATE,RECOMENDCOUNT,PRICE,ID,CATECODEREF,REPLYCNT,FAVORITE_CNT) values (208,'테스트계정222','테스트게시글222',1144387,'테스트내용222',0,'테스트파일222','700',to_date('21/12/22','RR/MM/DD'),to_date('21/12/22','RR/MM/DD'),0,300,'testid222','704',0,0);
Insert into CETUS.TBL_BOARD (BNO,NICKNAME,TITLE,FILESIZE,CONTENT,HIT,FILENAME,CATECODE,REG_DATE,UPDATE_DATE,RECOMENDCOUNT,PRICE,ID,CATECODEREF,REPLYCNT,FAVORITE_CNT) values (209,'테스트계정222','테스트게시글222',1144387,'테스트내용222',0,'테스트파일222','700',to_date('21/12/22','RR/MM/DD'),to_date('21/12/22','RR/MM/DD'),0,300,'testid222','705',0,0);
Insert into CETUS.TBL_BOARD (BNO,NICKNAME,TITLE,FILESIZE,CONTENT,HIT,FILENAME,CATECODE,REG_DATE,UPDATE_DATE,RECOMENDCOUNT,PRICE,ID,CATECODEREF,REPLYCNT,FAVORITE_CNT) values (210,'테스트계정222','테스트게시글222',1144387,'테스트내용222',0,'테스트파일222','100',to_date('21/12/22','RR/MM/DD'),to_date('21/12/22','RR/MM/DD'),0,300,'testid222','101',0,0);
Insert into CETUS.TBL_BOARD (BNO,NICKNAME,TITLE,FILESIZE,CONTENT,HIT,FILENAME,CATECODE,REG_DATE,UPDATE_DATE,RECOMENDCOUNT,PRICE,ID,CATECODEREF,REPLYCNT,FAVORITE_CNT) values (211,'테스트계정222','테스트게시글222',1144387,'테스트내용222',0,'테스트파일222','100',to_date('21/12/22','RR/MM/DD'),to_date('21/12/22','RR/MM/DD'),0,300,'testid222','102',0,0);
Insert into CETUS.TBL_BOARD (BNO,NICKNAME,TITLE,FILESIZE,CONTENT,HIT,FILENAME,CATECODE,REG_DATE,UPDATE_DATE,RECOMENDCOUNT,PRICE,ID,CATECODEREF,REPLYCNT,FAVORITE_CNT) values (212,'테스트계정222','테스트게시글222',1144387,'테스트내용222',0,'테스트파일222','100',to_date('21/12/22','RR/MM/DD'),to_date('21/12/22','RR/MM/DD'),0,300,'testid222','103',0,0);
Insert into CETUS.TBL_BOARD (BNO,NICKNAME,TITLE,FILESIZE,CONTENT,HIT,FILENAME,CATECODE,REG_DATE,UPDATE_DATE,RECOMENDCOUNT,PRICE,ID,CATECODEREF,REPLYCNT,FAVORITE_CNT) values (213,'테스트계정222','테스트게시글222',1144387,'테스트내용222',0,'테스트파일222','100',to_date('21/12/22','RR/MM/DD'),to_date('21/12/22','RR/MM/DD'),0,300,'testid222','104',0,0);
Insert into CETUS.TBL_BOARD (BNO,NICKNAME,TITLE,FILESIZE,CONTENT,HIT,FILENAME,CATECODE,REG_DATE,UPDATE_DATE,RECOMENDCOUNT,PRICE,ID,CATECODEREF,REPLYCNT,FAVORITE_CNT) values (214,'테스트계정222','테스트게시글222',1144387,'테스트내용222',0,'테스트파일222','100',to_date('21/12/22','RR/MM/DD'),to_date('21/12/22','RR/MM/DD'),0,300,'testid222','105',0,0);
Insert into CETUS.TBL_BOARD (BNO,NICKNAME,TITLE,FILESIZE,CONTENT,HIT,FILENAME,CATECODE,REG_DATE,UPDATE_DATE,RECOMENDCOUNT,PRICE,ID,CATECODEREF,REPLYCNT,FAVORITE_CNT) values (215,'테스트계정222','테스트게시글222',1144387,'테스트내용222',0,'테스트파일222','200',to_date('21/12/22','RR/MM/DD'),to_date('21/12/22','RR/MM/DD'),0,300,'testid222','201',0,0);
Insert into CETUS.TBL_BOARD (BNO,NICKNAME,TITLE,FILESIZE,CONTENT,HIT,FILENAME,CATECODE,REG_DATE,UPDATE_DATE,RECOMENDCOUNT,PRICE,ID,CATECODEREF,REPLYCNT,FAVORITE_CNT) values (216,'테스트계정222','테스트게시글222',1144387,'테스트내용222',2,'테스트파일222','200',to_date('21/12/22','RR/MM/DD'),to_date('21/12/22','RR/MM/DD'),0,300,'testid222','202',0,1);
Insert into CETUS.TBL_BOARD (BNO,NICKNAME,TITLE,FILESIZE,CONTENT,HIT,FILENAME,CATECODE,REG_DATE,UPDATE_DATE,RECOMENDCOUNT,PRICE,ID,CATECODEREF,REPLYCNT,FAVORITE_CNT) values (217,'테스트계정222','테스트게시글222',1144387,'테스트내용222',0,'테스트파일222','200',to_date('21/12/22','RR/MM/DD'),to_date('21/12/22','RR/MM/DD'),0,300,'testid222','203',0,0);
Insert into CETUS.TBL_BOARD (BNO,NICKNAME,TITLE,FILESIZE,CONTENT,HIT,FILENAME,CATECODE,REG_DATE,UPDATE_DATE,RECOMENDCOUNT,PRICE,ID,CATECODEREF,REPLYCNT,FAVORITE_CNT) values (218,'테스트계정222','테스트게시글222',1144387,'테스트내용222',0,'테스트파일222','200',to_date('21/12/22','RR/MM/DD'),to_date('21/12/22','RR/MM/DD'),0,300,'testid222','204',0,0);
Insert into CETUS.TBL_BOARD (BNO,NICKNAME,TITLE,FILESIZE,CONTENT,HIT,FILENAME,CATECODE,REG_DATE,UPDATE_DATE,RECOMENDCOUNT,PRICE,ID,CATECODEREF,REPLYCNT,FAVORITE_CNT) values (219,'테스트계정222','테스트게시글222',1144387,'테스트내용222',0,'테스트파일222','200',to_date('21/12/22','RR/MM/DD'),to_date('21/12/22','RR/MM/DD'),0,300,'testid222','205',0,0);
Insert into CETUS.TBL_BOARD (BNO,NICKNAME,TITLE,FILESIZE,CONTENT,HIT,FILENAME,CATECODE,REG_DATE,UPDATE_DATE,RECOMENDCOUNT,PRICE,ID,CATECODEREF,REPLYCNT,FAVORITE_CNT) values (220,'테스트계정222','테스트게시글222',1144387,'테스트내용222',0,'테스트파일222','300',to_date('21/12/22','RR/MM/DD'),to_date('21/12/22','RR/MM/DD'),0,300,'testid222','301',0,0);
Insert into CETUS.TBL_BOARD (BNO,NICKNAME,TITLE,FILESIZE,CONTENT,HIT,FILENAME,CATECODE,REG_DATE,UPDATE_DATE,RECOMENDCOUNT,PRICE,ID,CATECODEREF,REPLYCNT,FAVORITE_CNT) values (221,'테스트계정222','테스트게시글222',1144387,'테스트내용222',0,'테스트파일222','300',to_date('21/12/22','RR/MM/DD'),to_date('21/12/22','RR/MM/DD'),0,300,'testid222','302',0,0);
Insert into CETUS.TBL_BOARD (BNO,NICKNAME,TITLE,FILESIZE,CONTENT,HIT,FILENAME,CATECODE,REG_DATE,UPDATE_DATE,RECOMENDCOUNT,PRICE,ID,CATECODEREF,REPLYCNT,FAVORITE_CNT) values (222,'테스트계정222','테스트게시글222',1144387,'테스트내용222',1,'테스트파일222','300',to_date('21/12/22','RR/MM/DD'),to_date('21/12/22','RR/MM/DD'),0,300,'testid222','303',0,1);
Insert into CETUS.TBL_BOARD (BNO,NICKNAME,TITLE,FILESIZE,CONTENT,HIT,FILENAME,CATECODE,REG_DATE,UPDATE_DATE,RECOMENDCOUNT,PRICE,ID,CATECODEREF,REPLYCNT,FAVORITE_CNT) values (223,'테스트계정222','테스트게시글222',1144387,'테스트내용222',1,'테스트파일222','300',to_date('21/12/22','RR/MM/DD'),to_date('21/12/22','RR/MM/DD'),0,300,'testid222','304',0,1);
Insert into CETUS.TBL_BOARD (BNO,NICKNAME,TITLE,FILESIZE,CONTENT,HIT,FILENAME,CATECODE,REG_DATE,UPDATE_DATE,RECOMENDCOUNT,PRICE,ID,CATECODEREF,REPLYCNT,FAVORITE_CNT) values (224,'테스트계정222','테스트게시글222',1144387,'테스트내용222',1,'테스트파일222','300',to_date('21/12/22','RR/MM/DD'),to_date('21/12/22','RR/MM/DD'),0,300,'testid222','305',0,1);
Insert into CETUS.TBL_BOARD (BNO,NICKNAME,TITLE,FILESIZE,CONTENT,HIT,FILENAME,CATECODE,REG_DATE,UPDATE_DATE,RECOMENDCOUNT,PRICE,ID,CATECODEREF,REPLYCNT,FAVORITE_CNT) values (225,'테스트계정222','테스트게시글222',1144387,'테스트내용222',0,'테스트파일222','400',to_date('21/12/22','RR/MM/DD'),to_date('21/12/22','RR/MM/DD'),0,300,'testid222','401',0,0);
Insert into CETUS.TBL_BOARD (BNO,NICKNAME,TITLE,FILESIZE,CONTENT,HIT,FILENAME,CATECODE,REG_DATE,UPDATE_DATE,RECOMENDCOUNT,PRICE,ID,CATECODEREF,REPLYCNT,FAVORITE_CNT) values (226,'테스트계정222','테스트게시글222',1144387,'테스트내용222',1,'테스트파일222','400',to_date('21/12/22','RR/MM/DD'),to_date('21/12/22','RR/MM/DD'),0,300,'testid222','402',0,1);
Insert into CETUS.TBL_BOARD (BNO,NICKNAME,TITLE,FILESIZE,CONTENT,HIT,FILENAME,CATECODE,REG_DATE,UPDATE_DATE,RECOMENDCOUNT,PRICE,ID,CATECODEREF,REPLYCNT,FAVORITE_CNT) values (227,'테스트계정222','테스트게시글222',1144387,'테스트내용222',0,'테스트파일222','400',to_date('21/12/22','RR/MM/DD'),to_date('21/12/22','RR/MM/DD'),0,300,'testid222','403',0,0);
Insert into CETUS.TBL_BOARD (BNO,NICKNAME,TITLE,FILESIZE,CONTENT,HIT,FILENAME,CATECODE,REG_DATE,UPDATE_DATE,RECOMENDCOUNT,PRICE,ID,CATECODEREF,REPLYCNT,FAVORITE_CNT) values (228,'테스트계정222','테스트게시글222',1144387,'테스트내용222',0,'테스트파일222','400',to_date('21/12/22','RR/MM/DD'),to_date('21/12/22','RR/MM/DD'),0,300,'testid222','404',0,0);
Insert into CETUS.TBL_BOARD (BNO,NICKNAME,TITLE,FILESIZE,CONTENT,HIT,FILENAME,CATECODE,REG_DATE,UPDATE_DATE,RECOMENDCOUNT,PRICE,ID,CATECODEREF,REPLYCNT,FAVORITE_CNT) values (229,'테스트계정222','테스트게시글222',1144387,'테스트내용222',2,'테스트파일222','400',to_date('21/12/22','RR/MM/DD'),to_date('21/12/22','RR/MM/DD'),0,300,'testid222','405',0,1);
Insert into CETUS.TBL_BOARD (BNO,NICKNAME,TITLE,FILESIZE,CONTENT,HIT,FILENAME,CATECODE,REG_DATE,UPDATE_DATE,RECOMENDCOUNT,PRICE,ID,CATECODEREF,REPLYCNT,FAVORITE_CNT) values (230,'테스트계정222','테스트게시글222',1144387,'테스트내용222',0,'테스트파일222','500',to_date('21/12/22','RR/MM/DD'),to_date('21/12/22','RR/MM/DD'),0,300,'testid222','501',0,0);
Insert into CETUS.TBL_BOARD (BNO,NICKNAME,TITLE,FILESIZE,CONTENT,HIT,FILENAME,CATECODE,REG_DATE,UPDATE_DATE,RECOMENDCOUNT,PRICE,ID,CATECODEREF,REPLYCNT,FAVORITE_CNT) values (231,'테스트계정222','테스트게시글222',1144387,'테스트내용222',2,'테스트파일222','500',to_date('21/12/22','RR/MM/DD'),to_date('21/12/22','RR/MM/DD'),0,300,'testid222','502',0,1);
Insert into CETUS.TBL_BOARD (BNO,NICKNAME,TITLE,FILESIZE,CONTENT,HIT,FILENAME,CATECODE,REG_DATE,UPDATE_DATE,RECOMENDCOUNT,PRICE,ID,CATECODEREF,REPLYCNT,FAVORITE_CNT) values (232,'테스트계정222','테스트게시글222',1144387,'테스트내용222',0,'테스트파일222','500',to_date('21/12/22','RR/MM/DD'),to_date('21/12/22','RR/MM/DD'),0,300,'testid222','503',0,0);
Insert into CETUS.TBL_BOARD (BNO,NICKNAME,TITLE,FILESIZE,CONTENT,HIT,FILENAME,CATECODE,REG_DATE,UPDATE_DATE,RECOMENDCOUNT,PRICE,ID,CATECODEREF,REPLYCNT,FAVORITE_CNT) values (233,'테스트계정222','테스트게시글222',1144387,'테스트내용222',3,'테스트파일222','500',to_date('21/12/22','RR/MM/DD'),to_date('21/12/22','RR/MM/DD'),0,300,'testid222','504',0,0);
Insert into CETUS.TBL_BOARD (BNO,NICKNAME,TITLE,FILESIZE,CONTENT,HIT,FILENAME,CATECODE,REG_DATE,UPDATE_DATE,RECOMENDCOUNT,PRICE,ID,CATECODEREF,REPLYCNT,FAVORITE_CNT) values (234,'테스트계정222','테스트게시글222',1144387,'테스트내용222',1,'테스트파일222','500',to_date('21/12/22','RR/MM/DD'),to_date('21/12/22','RR/MM/DD'),0,300,'testid222','505',0,0);
Insert into CETUS.TBL_BOARD (BNO,NICKNAME,TITLE,FILESIZE,CONTENT,HIT,FILENAME,CATECODE,REG_DATE,UPDATE_DATE,RECOMENDCOUNT,PRICE,ID,CATECODEREF,REPLYCNT,FAVORITE_CNT) values (235,'테스트계정222','테스트게시글222',1144387,'테스트내용222',4,'테스트파일222','600',to_date('21/12/22','RR/MM/DD'),to_date('21/12/22','RR/MM/DD'),1,300,'testid222','601',1,1);
Insert into CETUS.TBL_BOARD (BNO,NICKNAME,TITLE,FILESIZE,CONTENT,HIT,FILENAME,CATECODE,REG_DATE,UPDATE_DATE,RECOMENDCOUNT,PRICE,ID,CATECODEREF,REPLYCNT,FAVORITE_CNT) values (236,'테스트계정222','테스트게시글222',1144387,'테스트내용222',0,'테스트파일222','600',to_date('21/12/22','RR/MM/DD'),to_date('21/12/22','RR/MM/DD'),0,300,'testid222','602',0,0);
Insert into CETUS.TBL_BOARD (BNO,NICKNAME,TITLE,FILESIZE,CONTENT,HIT,FILENAME,CATECODE,REG_DATE,UPDATE_DATE,RECOMENDCOUNT,PRICE,ID,CATECODEREF,REPLYCNT,FAVORITE_CNT) values (237,'테스트계정222','테스트게시글222',1144387,'테스트내용222',0,'테스트파일222','600',to_date('21/12/22','RR/MM/DD'),to_date('21/12/22','RR/MM/DD'),0,300,'testid222','603',0,0);
Insert into CETUS.TBL_BOARD (BNO,NICKNAME,TITLE,FILESIZE,CONTENT,HIT,FILENAME,CATECODE,REG_DATE,UPDATE_DATE,RECOMENDCOUNT,PRICE,ID,CATECODEREF,REPLYCNT,FAVORITE_CNT) values (238,'테스트계정222','테스트게시글222',1144387,'테스트내용222',0,'테스트파일222','600',to_date('21/12/22','RR/MM/DD'),to_date('21/12/22','RR/MM/DD'),0,300,'testid222','604',0,0);
Insert into CETUS.TBL_BOARD (BNO,NICKNAME,TITLE,FILESIZE,CONTENT,HIT,FILENAME,CATECODE,REG_DATE,UPDATE_DATE,RECOMENDCOUNT,PRICE,ID,CATECODEREF,REPLYCNT,FAVORITE_CNT) values (239,'테스트계정222','테스트게시글222',1144387,'테스트내용222',1,'테스트파일222','600',to_date('21/12/22','RR/MM/DD'),to_date('21/12/22','RR/MM/DD'),0,300,'testid222','605',0,0);
Insert into CETUS.TBL_BOARD (BNO,NICKNAME,TITLE,FILESIZE,CONTENT,HIT,FILENAME,CATECODE,REG_DATE,UPDATE_DATE,RECOMENDCOUNT,PRICE,ID,CATECODEREF,REPLYCNT,FAVORITE_CNT) values (240,'테스트계정222','테스트게시글222',1144387,'테스트내용222',0,'테스트파일222','700',to_date('21/12/22','RR/MM/DD'),to_date('21/12/22','RR/MM/DD'),0,300,'testid222','701',0,0);
Insert into CETUS.TBL_BOARD (BNO,NICKNAME,TITLE,FILESIZE,CONTENT,HIT,FILENAME,CATECODE,REG_DATE,UPDATE_DATE,RECOMENDCOUNT,PRICE,ID,CATECODEREF,REPLYCNT,FAVORITE_CNT) values (241,'테스트계정222','테스트게시글222',1144387,'테스트내용222',0,'테스트파일222','700',to_date('21/12/22','RR/MM/DD'),to_date('21/12/22','RR/MM/DD'),0,300,'testid222','702',0,0);
Insert into CETUS.TBL_BOARD (BNO,NICKNAME,TITLE,FILESIZE,CONTENT,HIT,FILENAME,CATECODE,REG_DATE,UPDATE_DATE,RECOMENDCOUNT,PRICE,ID,CATECODEREF,REPLYCNT,FAVORITE_CNT) values (642,null,'파일 업로드 테스트',5338588,'<p>ㅇㅇ</p>
',1550,null,'100',to_date('22/01/17','RR/MM/DD'),to_date('22/01/17','RR/MM/DD'),8,540,'cetus1234','101',7,1);
Insert into CETUS.TBL_BOARD (BNO,NICKNAME,TITLE,FILESIZE,CONTENT,HIT,FILENAME,CATECODE,REG_DATE,UPDATE_DATE,RECOMENDCOUNT,PRICE,ID,CATECODEREF,REPLYCNT,FAVORITE_CNT) values (564,null,'파일 업로드 다운로드 테스트',1144387,'<p>어디한번 다운받아 보시지?</p>
',7,null,'100',to_date('22/01/10','RR/MM/DD'),to_date('22/01/10','RR/MM/DD'),2,900,'cetus1234','101',0,0);
Insert into CETUS.TBL_BOARD (BNO,NICKNAME,TITLE,FILESIZE,CONTENT,HIT,FILENAME,CATECODE,REG_DATE,UPDATE_DATE,RECOMENDCOUNT,PRICE,ID,CATECODEREF,REPLYCNT,FAVORITE_CNT) values (347,null,'ㅇㅇㅇㅇ',1144387,'ㅇㅇㅇ',7,null,'100',to_date('21/12/27','RR/MM/DD'),to_date('21/12/27','RR/MM/DD'),1,90,'ㅇㅇㅇ','101',0,0);
Insert into CETUS.TBL_BOARD (BNO,NICKNAME,TITLE,FILESIZE,CONTENT,HIT,FILENAME,CATECODE,REG_DATE,UPDATE_DATE,RECOMENDCOUNT,PRICE,ID,CATECODEREF,REPLYCNT,FAVORITE_CNT) values (349,null,'ㅇㅇㅇㅇ',1144387,'ㅇㅇㅇ',148,null,'100',to_date('21/12/27','RR/MM/DD'),to_date('21/12/27','RR/MM/DD'),13,80,'ㅇㅇ','101',2,1);
Insert into CETUS.TBL_BOARD (BNO,NICKNAME,TITLE,FILESIZE,CONTENT,HIT,FILENAME,CATECODE,REG_DATE,UPDATE_DATE,RECOMENDCOUNT,PRICE,ID,CATECODEREF,REPLYCNT,FAVORITE_CNT) values (362,null,'ㄹㄹㄹㄹ',1144387,'<ol>
	<li><big><em>레릿고</em>~ <strong>레릿고</strong></big></li>
	<li>
	<hr />
	<table border="1" cellpadding="1" cellspacing="1" style="width:500px">
		<tbody>
			<tr>
				<td>가</td>
				<td>나</td>
			</tr>
			<tr>
				<td>다</td>
				<td>라</td>
			</tr>
			<tr>
				<td>마</td>
				<td>바</td>
			</tr>
		</tbody>
	</table>

	<p>&nbsp;</p>
	</li>
</ol>
',51,null,'100',to_date('21/12/30','RR/MM/DD'),to_date('22/01/01','RR/MM/DD'),1,80,'ㄹㄹㄹㄹ','101',1,1);
Insert into CETUS.TBL_BOARD (BNO,NICKNAME,TITLE,FILESIZE,CONTENT,HIT,FILENAME,CATECODE,REG_DATE,UPDATE_DATE,RECOMENDCOUNT,PRICE,ID,CATECODEREF,REPLYCNT,FAVORITE_CNT) values (630,null,'ddddd',1144387,'<p>d</p>
',7,null,'100',to_date('22/01/13','RR/MM/DD'),to_date('22/01/13','RR/MM/DD'),0,80,'cetus1234','101',0,0);
Insert into CETUS.TBL_BOARD (BNO,NICKNAME,TITLE,FILESIZE,CONTENT,HIT,FILENAME,CATECODE,REG_DATE,UPDATE_DATE,RECOMENDCOUNT,PRICE,ID,CATECODEREF,REPLYCNT,FAVORITE_CNT) values (422,null,'하이',1144387,'<p><img alt="" src="../resources/ckEimg/remove.png" style="height:96px; width:96px" /></p>
',15,null,'400',to_date('22/01/04','RR/MM/DD'),to_date('22/01/04','RR/MM/DD'),0,90,'하이','401',1,0);
Insert into CETUS.TBL_BOARD (BNO,NICKNAME,TITLE,FILESIZE,CONTENT,HIT,FILENAME,CATECODE,REG_DATE,UPDATE_DATE,RECOMENDCOUNT,PRICE,ID,CATECODEREF,REPLYCNT,FAVORITE_CNT) values (478,null,'dddd',1144387,'<p>dddd</p>
',15,null,'100',to_date('22/01/06','RR/MM/DD'),to_date('22/01/06','RR/MM/DD'),1,90,'cetus1234','101',1,0);
Insert into CETUS.TBL_BOARD (BNO,NICKNAME,TITLE,FILESIZE,CONTENT,HIT,FILENAME,CATECODE,REG_DATE,UPDATE_DATE,RECOMENDCOUNT,PRICE,ID,CATECODEREF,REPLYCNT,FAVORITE_CNT) values (482,null,'dddd',1144387,'<p>dddd</p>
',37,null,'100',to_date('22/01/06','RR/MM/DD'),to_date('22/01/06','RR/MM/DD'),3,90,'cetus12345','101',1,0);
Insert into CETUS.TBL_BOARD (BNO,NICKNAME,TITLE,FILESIZE,CONTENT,HIT,FILENAME,CATECODE,REG_DATE,UPDATE_DATE,RECOMENDCOUNT,PRICE,ID,CATECODEREF,REPLYCNT,FAVORITE_CNT) values (542,null,'ddd',1144387,'<p>ddd</p>
',230,null,'300',to_date('22/01/09','RR/MM/DD'),to_date('22/01/09','RR/MM/DD'),70,90,'cetus1234','301',1,0);
Insert into CETUS.TBL_BOARD (BNO,NICKNAME,TITLE,FILESIZE,CONTENT,HIT,FILENAME,CATECODE,REG_DATE,UPDATE_DATE,RECOMENDCOUNT,PRICE,ID,CATECODEREF,REPLYCNT,FAVORITE_CNT) values (629,null,'ㄴㅇㄹ',251421,'<p>123</p>
',0,null,'200',to_date('22/01/20','RR/MM/DD'),to_date('22/01/20','RR/MM/DD'),0,30,'admin','201',0,0);
Insert into CETUS.TBL_BOARD (BNO,NICKNAME,TITLE,FILESIZE,CONTENT,HIT,FILENAME,CATECODE,REG_DATE,UPDATE_DATE,RECOMENDCOUNT,PRICE,ID,CATECODEREF,REPLYCNT,FAVORITE_CNT) values (631,null,'ㄴㅇㄹ',206073,'<p>123</p>
',1,null,'200',to_date('22/01/20','RR/MM/DD'),to_date('22/01/20','RR/MM/DD'),0,20,'admin','201',0,0);
Insert into CETUS.TBL_BOARD (BNO,NICKNAME,TITLE,FILESIZE,CONTENT,HIT,FILENAME,CATECODE,REG_DATE,UPDATE_DATE,RECOMENDCOUNT,PRICE,ID,CATECODEREF,REPLYCNT,FAVORITE_CNT) values (633,null,'ㅇㅀ',251421,'<p>123</p>
',3,null,'400',to_date('22/01/20','RR/MM/DD'),to_date('22/01/20','RR/MM/DD'),0,30,'admin','401',0,0);
Insert into CETUS.TBL_BOARD (BNO,NICKNAME,TITLE,FILESIZE,CONTENT,HIT,FILENAME,CATECODE,REG_DATE,UPDATE_DATE,RECOMENDCOUNT,PRICE,ID,CATECODEREF,REPLYCNT,FAVORITE_CNT) values (639,null,'ㄹ호',1290,'<p>ㅅ호</p>

<div style="page-break-after:always"><span style="display:none">&nbsp;</span></div>

<p>&nbsp;</p>
',1,null,'100',to_date('22/01/20','RR/MM/DD'),to_date('22/01/20','RR/MM/DD'),0,0,'admin','101',0,0);
Insert into CETUS.TBL_BOARD (BNO,NICKNAME,TITLE,FILESIZE,CONTENT,HIT,FILENAME,CATECODE,REG_DATE,UPDATE_DATE,RECOMENDCOUNT,PRICE,ID,CATECODEREF,REPLYCNT,FAVORITE_CNT) values (641,null,'dfgfdgdfgdfgfdgdfg',2352933,'<p>123</p>
',5,null,'100',to_date('22/01/20','RR/MM/DD'),to_date('22/01/25','RR/MM/DD'),0,0,'admin','101',0,0);
Insert into CETUS.TBL_BOARD (BNO,NICKNAME,TITLE,FILESIZE,CONTENT,HIT,FILENAME,CATECODE,REG_DATE,UPDATE_DATE,RECOMENDCOUNT,PRICE,ID,CATECODEREF,REPLYCNT,FAVORITE_CNT) values (643,null,'dsf',2549495,'<p>123</p>
',6,null,'100',to_date('22/01/20','RR/MM/DD'),to_date('22/01/25','RR/MM/DD'),0,0,'admin','101',0,0);
Insert into CETUS.TBL_BOARD (BNO,NICKNAME,TITLE,FILESIZE,CONTENT,HIT,FILENAME,CATECODE,REG_DATE,UPDATE_DATE,RECOMENDCOUNT,PRICE,ID,CATECODEREF,REPLYCNT,FAVORITE_CNT) values (645,null,' 알쓸범잡2.E03.220123.720p.H264-F1RST',13940,'<p>123</p>
',3,null,'100',to_date('22/01/20','RR/MM/DD'),to_date('22/01/25','RR/MM/DD'),0,0,'admin','101',0,0);
Insert into CETUS.TBL_BOARD (BNO,NICKNAME,TITLE,FILESIZE,CONTENT,HIT,FILENAME,CATECODE,REG_DATE,UPDATE_DATE,RECOMENDCOUNT,PRICE,ID,CATECODEREF,REPLYCNT,FAVORITE_CNT) values (647,null,'이ㅌ ㅔ널스 화질 짱 한글 자막 ',2668662,'<p>123123</p>
',10,null,'300',to_date('22/01/20','RR/MM/DD'),to_date('22/01/25','RR/MM/DD'),0,0,'admin','301',0,0);
Insert into CETUS.TBL_BOARD (BNO,NICKNAME,TITLE,FILESIZE,CONTENT,HIT,FILENAME,CATECODE,REG_DATE,UPDATE_DATE,RECOMENDCOUNT,PRICE,ID,CATECODEREF,REPLYCNT,FAVORITE_CNT) values (649,null,'알쓸범잡2.E03.220123.720p.H264-F1RST',32256,'<p>123</p>
',7,null,'100',to_date('22/01/20','RR/MM/DD'),to_date('22/01/25','RR/MM/DD'),0,0,'admin','101',0,0);
Insert into CETUS.TBL_BOARD (BNO,NICKNAME,TITLE,FILESIZE,CONTENT,HIT,FILENAME,CATECODE,REG_DATE,UPDATE_DATE,RECOMENDCOUNT,PRICE,ID,CATECODEREF,REPLYCNT,FAVORITE_CNT) values (651,null,'프리한19.E296.220124.720p-NEXT',2668662,'<p><img alt="" src="../resources/ckEimg/0c6086eb-4796-42e8-8988-19b12ab250b7_unnamed (1) (1).jpg" style="height:375px; width:512px" /></p>
',29,null,'100',to_date('22/01/20','RR/MM/DD'),to_date('22/01/25','RR/MM/DD'),0,0,'admin','101',0,0);
Insert into CETUS.TBL_BOARD (BNO,NICKNAME,TITLE,FILESIZE,CONTENT,HIT,FILENAME,CATECODE,REG_DATE,UPDATE_DATE,RECOMENDCOUNT,PRICE,ID,CATECODEREF,REPLYCNT,FAVORITE_CNT) values (653,null,'[ 달마야 서울가자 ] 2004',2352933,'<p>sdf</p>
',6,null,'100',to_date('22/01/20','RR/MM/DD'),to_date('22/01/25','RR/MM/DD'),0,0,'admin','101',0,0);
Insert into CETUS.TBL_BOARD (BNO,NICKNAME,TITLE,FILESIZE,CONTENT,HIT,FILENAME,CATECODE,REG_DATE,UPDATE_DATE,RECOMENDCOUNT,PRICE,ID,CATECODEREF,REPLYCNT,FAVORITE_CNT) values (655,null,'슈퍼맨이 돌아왔다.E416.220123.720p-NEXT',32256,'<p>sdf</p>
',3,null,'100',to_date('22/01/20','RR/MM/DD'),to_date('22/01/25','RR/MM/DD'),0,0,'admin','101',0,0);
Insert into CETUS.TBL_BOARD (BNO,NICKNAME,TITLE,FILESIZE,CONTENT,HIT,FILENAME,CATECODE,REG_DATE,UPDATE_DATE,RECOMENDCOUNT,PRICE,ID,CATECODEREF,REPLYCNT,FAVORITE_CNT) values (657,null,'커피프린스 1호점EP12.720p.HDTV.x264-NalSo',900,'<p>123</p>
',12,null,'200',to_date('22/01/20','RR/MM/DD'),to_date('22/01/25','RR/MM/DD'),0,0,'admin','201',0,0);
Insert into CETUS.TBL_BOARD (BNO,NICKNAME,TITLE,FILESIZE,CONTENT,HIT,FILENAME,CATECODE,REG_DATE,UPDATE_DATE,RECOMENDCOUNT,PRICE,ID,CATECODEREF,REPLYCNT,FAVORITE_CNT) values (667,null,'블루 락(Blue Lock) 1~160화',2669562,'<p>dfg</p>
',6,null,'400',to_date('22/01/20','RR/MM/DD'),to_date('22/01/25','RR/MM/DD'),0,0,'admin','401',0,0);
Insert into CETUS.TBL_BOARD (BNO,NICKNAME,TITLE,FILESIZE,CONTENT,HIT,FILENAME,CATECODE,REG_DATE,UPDATE_DATE,RECOMENDCOUNT,PRICE,ID,CATECODEREF,REPLYCNT,FAVORITE_CNT) values (668,null,'킹덤 707화',5218157,'<p>dfg</p>
',23,null,'400',to_date('22/01/20','RR/MM/DD'),to_date('22/01/25','RR/MM/DD'),2,0,'admin','401',2,0);
Insert into CETUS.TBL_BOARD (BNO,NICKNAME,TITLE,FILESIZE,CONTENT,HIT,FILENAME,CATECODE,REG_DATE,UPDATE_DATE,RECOMENDCOUNT,PRICE,ID,CATECODEREF,REPLYCNT,FAVORITE_CNT) values (683,null,'뭉쳐야 찬다2.E25.220123.1080p.H264-F1RST',998201,'<p><img alt="" src="../resources/ckEimg/6caa8a4f-695c-4603-9aad-13baa62f73c4_캡처.PNG" style="height:339px; width:600px" /></p>
',18,null,'300',to_date('22/01/25','RR/MM/DD'),to_date('22/01/25','RR/MM/DD'),6,100,'admin','301',3,0);
REM INSERTING into CETUS.TBL_CATEGORY
SET DEFINE OFF;
Insert into CETUS.TBL_CATEGORY (CATENAME,CATECODE,CATECODEREF) values ('영화','100',null);
Insert into CETUS.TBL_CATEGORY (CATENAME,CATECODE,CATECODEREF) values ('고화질','101','100');
Insert into CETUS.TBL_CATEGORY (CATENAME,CATECODE,CATECODEREF) values ('드라마','200',null);
Insert into CETUS.TBL_CATEGORY (CATENAME,CATECODE,CATECODEREF) values ('고화질','201','200');
Insert into CETUS.TBL_CATEGORY (CATENAME,CATECODE,CATECODEREF) values ('동영상','300',null);
Insert into CETUS.TBL_CATEGORY (CATENAME,CATECODE,CATECODEREF) values ('게임','400',null);
Insert into CETUS.TBL_CATEGORY (CATENAME,CATECODE,CATECODEREF) values ('애니','500',null);
Insert into CETUS.TBL_CATEGORY (CATENAME,CATECODE,CATECODEREF) values ('기타','600',null);
Insert into CETUS.TBL_CATEGORY (CATENAME,CATECODE,CATECODEREF) values ('도서','700',null);
Insert into CETUS.TBL_CATEGORY (CATENAME,CATECODE,CATECODEREF) values ('한국영화','102','100');
Insert into CETUS.TBL_CATEGORY (CATENAME,CATECODE,CATECODEREF) values ('공포','103','100');
Insert into CETUS.TBL_CATEGORY (CATENAME,CATECODE,CATECODEREF) values ('SF/환타지','104','100');
Insert into CETUS.TBL_CATEGORY (CATENAME,CATECODE,CATECODEREF) values ('코미디','105','100');
Insert into CETUS.TBL_CATEGORY (CATENAME,CATECODE,CATECODEREF) values ('액션','106','100');
Insert into CETUS.TBL_CATEGORY (CATENAME,CATECODE,CATECODEREF) values ('연애','107','100');
Insert into CETUS.TBL_CATEGORY (CATENAME,CATECODE,CATECODEREF) values ('가족','108','100');
Insert into CETUS.TBL_CATEGORY (CATENAME,CATECODE,CATECODEREF) values ('일반','109','100');
Insert into CETUS.TBL_CATEGORY (CATENAME,CATECODE,CATECODEREF) values ('공포','202','200');
Insert into CETUS.TBL_CATEGORY (CATENAME,CATECODE,CATECODEREF) values ('SF/환타지','203','200');
Insert into CETUS.TBL_CATEGORY (CATENAME,CATECODE,CATECODEREF) values ('코미디','204','200');
Insert into CETUS.TBL_CATEGORY (CATENAME,CATECODE,CATECODEREF) values ('액션','205','200');
Insert into CETUS.TBL_CATEGORY (CATENAME,CATECODE,CATECODEREF) values ('연애','206','200');
Insert into CETUS.TBL_CATEGORY (CATENAME,CATECODE,CATECODEREF) values ('사극','207','200');
Insert into CETUS.TBL_CATEGORY (CATENAME,CATECODE,CATECODEREF) values ('가족','208','200');
Insert into CETUS.TBL_CATEGORY (CATENAME,CATECODE,CATECODEREF) values ('일반','209','200');
Insert into CETUS.TBL_CATEGORY (CATENAME,CATECODE,CATECODEREF) values ('고화질','301','300');
Insert into CETUS.TBL_CATEGORY (CATENAME,CATECODE,CATECODEREF) values ('오락','302','300');
Insert into CETUS.TBL_CATEGORY (CATENAME,CATECODE,CATECODEREF) values ('교양','303','300');
Insert into CETUS.TBL_CATEGORY (CATENAME,CATECODE,CATECODEREF) values ('스포츠','304','300');
Insert into CETUS.TBL_CATEGORY (CATENAME,CATECODE,CATECODEREF) values ('음악','305','300');
Insert into CETUS.TBL_CATEGORY (CATENAME,CATECODE,CATECODEREF) values ('게임','306','300');
Insert into CETUS.TBL_CATEGORY (CATENAME,CATECODE,CATECODEREF) values ('요리','307','300');
Insert into CETUS.TBL_CATEGORY (CATENAME,CATECODE,CATECODEREF) values ('여행','308','300');
Insert into CETUS.TBL_CATEGORY (CATENAME,CATECODE,CATECODEREF) values ('일반','309','300');
Insert into CETUS.TBL_CATEGORY (CATENAME,CATECODE,CATECODEREF) values ('액션','401','400');
Insert into CETUS.TBL_CATEGORY (CATENAME,CATECODE,CATECODEREF) values ('전략','402','400');
Insert into CETUS.TBL_CATEGORY (CATENAME,CATECODE,CATECODEREF) values ('롤플레잉','403','400');
Insert into CETUS.TBL_CATEGORY (CATENAME,CATECODE,CATECODEREF) values ('어드벤처','404','400');
Insert into CETUS.TBL_CATEGORY (CATENAME,CATECODE,CATECODEREF) values ('스포츠','405','400');
Insert into CETUS.TBL_CATEGORY (CATENAME,CATECODE,CATECODEREF) values ('고전','406','400');
Insert into CETUS.TBL_CATEGORY (CATENAME,CATECODE,CATECODEREF) values ('일반','407','400');
Insert into CETUS.TBL_CATEGORY (CATENAME,CATECODE,CATECODEREF) values ('고화질','501','500');
Insert into CETUS.TBL_CATEGORY (CATENAME,CATECODE,CATECODEREF) values ('공포','502','500');
Insert into CETUS.TBL_CATEGORY (CATENAME,CATECODE,CATECODEREF) values ('SF/환타지','503','500');
Insert into CETUS.TBL_CATEGORY (CATENAME,CATECODE,CATECODEREF) values ('코미디','504','500');
Insert into CETUS.TBL_CATEGORY (CATENAME,CATECODE,CATECODEREF) values ('액션','505','500');
Insert into CETUS.TBL_CATEGORY (CATENAME,CATECODE,CATECODEREF) values ('연애','506','500');
Insert into CETUS.TBL_CATEGORY (CATENAME,CATECODE,CATECODEREF) values ('가족','507','500');
Insert into CETUS.TBL_CATEGORY (CATENAME,CATECODE,CATECODEREF) values ('일반','508','500');
Insert into CETUS.TBL_CATEGORY (CATENAME,CATECODE,CATECODEREF) values ('디자인','601','600');
Insert into CETUS.TBL_CATEGORY (CATENAME,CATECODE,CATECODEREF) values ('프로그램','602','600');
Insert into CETUS.TBL_CATEGORY (CATENAME,CATECODE,CATECODEREF) values ('시스템','603','600');
Insert into CETUS.TBL_CATEGORY (CATENAME,CATECODE,CATECODEREF) values ('이미지','604','600');
Insert into CETUS.TBL_CATEGORY (CATENAME,CATECODE,CATECODEREF) values ('일반','605','600');
Insert into CETUS.TBL_CATEGORY (CATENAME,CATECODE,CATECODEREF) values ('자작','606','600');
Insert into CETUS.TBL_CATEGORY (CATENAME,CATECODE,CATECODEREF) values ('음악','607','600');
Insert into CETUS.TBL_CATEGORY (CATENAME,CATECODE,CATECODEREF) values ('만화','701','700');
Insert into CETUS.TBL_CATEGORY (CATENAME,CATECODE,CATECODEREF) values ('문서','702','700');
Insert into CETUS.TBL_CATEGORY (CATENAME,CATECODE,CATECODEREF) values ('일반','703','700');
Insert into CETUS.TBL_CATEGORY (CATENAME,CATECODE,CATECODEREF) values ('잡지','704','700');
Insert into CETUS.TBL_CATEGORY (CATENAME,CATECODE,CATECODEREF) values ('웹툰','705','700');
Insert into CETUS.TBL_CATEGORY (CATENAME,CATECODE,CATECODEREF) values ('웹소설','706','700');
REM INSERTING into CETUS.TBL_FAVORITE
SET DEFINE OFF;
Insert into CETUS.TBL_FAVORITE (BNO,CARTE,TITLE,FILESIZE,CASH,ID,FAVORITE_CNT) values (630,'100','ddddd','1144387',80,'test5555',1);
Insert into CETUS.TBL_FAVORITE (BNO,CARTE,TITLE,FILESIZE,CASH,ID,FAVORITE_CNT) values (362,'100','ㄹㄹㄹㄹ','1144387',80,'cetus1234',1);
Insert into CETUS.TBL_FAVORITE (BNO,CARTE,TITLE,FILESIZE,CASH,ID,FAVORITE_CNT) values (231,'500','테스트게시글222','1144387',300,'cetus1234',1);
Insert into CETUS.TBL_FAVORITE (BNO,CARTE,TITLE,FILESIZE,CASH,ID,FAVORITE_CNT) values (349,'100','ㅇㅇㅇㅇ','1144387',80,'cetus1234',1);
Insert into CETUS.TBL_FAVORITE (BNO,CARTE,TITLE,FILESIZE,CASH,ID,FAVORITE_CNT) values (229,'400','테스트게시글222','1144387',300,'cetus1234',1);
Insert into CETUS.TBL_FAVORITE (BNO,CARTE,TITLE,FILESIZE,CASH,ID,FAVORITE_CNT) values (226,'400','테스트게시글222','1144387',300,'cetus1234',1);
Insert into CETUS.TBL_FAVORITE (BNO,CARTE,TITLE,FILESIZE,CASH,ID,FAVORITE_CNT) values (223,'300','테스트게시글222','1144387',300,'cetus1234',1);
Insert into CETUS.TBL_FAVORITE (BNO,CARTE,TITLE,FILESIZE,CASH,ID,FAVORITE_CNT) values (224,'300','테스트게시글222','1144387',300,'cetus1234',1);
Insert into CETUS.TBL_FAVORITE (BNO,CARTE,TITLE,FILESIZE,CASH,ID,FAVORITE_CNT) values (222,'300','테스트게시글222','1144387',300,'cetus1234',1);
Insert into CETUS.TBL_FAVORITE (BNO,CARTE,TITLE,FILESIZE,CASH,ID,FAVORITE_CNT) values (235,'600','테스트게시글222','1144387',300,'cetus1234',1);
Insert into CETUS.TBL_FAVORITE (BNO,CARTE,TITLE,FILESIZE,CASH,ID,FAVORITE_CNT) values (642,'100','파일 업로드 테스트','5338588',540,'admin',1);
Insert into CETUS.TBL_FAVORITE (BNO,CARTE,TITLE,FILESIZE,CASH,ID,FAVORITE_CNT) values (216,'200','테스트게시글222','1144387',300,'admin',1);
REM INSERTING into CETUS.TBL_MEMBER
SET DEFINE OFF;
Insert into CETUS.TBL_MEMBER (USERID,USERPW,USERNAME,ENABLED,REGDATE,UPDATEDATE) values ('user0','$2a$10$c1khsh9.5PnjArfrvg8MiuwWcMXzk0O9q1Eaeeb60Te.xJw6EYtra','일반사용자0','1',to_date('21/12/18','RR/MM/DD'),to_date('21/12/18','RR/MM/DD'));
Insert into CETUS.TBL_MEMBER (USERID,USERPW,USERNAME,ENABLED,REGDATE,UPDATEDATE) values ('user1','$2a$10$yiEP7UW0WCtWCmP.kXPxYuSnm/fbrARYQHVmEYWQJ4CcbBMKakvEK','일반사용자1','1',to_date('21/12/18','RR/MM/DD'),to_date('21/12/18','RR/MM/DD'));
Insert into CETUS.TBL_MEMBER (USERID,USERPW,USERNAME,ENABLED,REGDATE,UPDATEDATE) values ('user2','$2a$10$lu1dzBrJhMdm2lxtficTdO7uS.YgUTbO.eCr8pv2K2bT1TIer5f6C','일반사용자2','1',to_date('21/12/18','RR/MM/DD'),to_date('21/12/18','RR/MM/DD'));
Insert into CETUS.TBL_MEMBER (USERID,USERPW,USERNAME,ENABLED,REGDATE,UPDATEDATE) values ('user3','$2a$10$gk0RHGUp7QdtH2krNl33DuGZkWb2qCMdgMAfetRnnqTEX0MKir.4i','일반사용자3','1',to_date('21/12/18','RR/MM/DD'),to_date('21/12/18','RR/MM/DD'));
Insert into CETUS.TBL_MEMBER (USERID,USERPW,USERNAME,ENABLED,REGDATE,UPDATEDATE) values ('user4','$2a$10$mhJHy6AES3pNlCZ.MwhuCuUovVZOCnf9ZrTuYn.8LoEQ4QY32mVk2','일반사용자4','1',to_date('21/12/18','RR/MM/DD'),to_date('21/12/18','RR/MM/DD'));
Insert into CETUS.TBL_MEMBER (USERID,USERPW,USERNAME,ENABLED,REGDATE,UPDATEDATE) values ('user5','$2a$10$DIXxUrfRF.oIZJiM5/E6Bu3o0WG.gL773MJFXUPrZgxtS.Ayhd8tK','일반사용자5','1',to_date('21/12/18','RR/MM/DD'),to_date('21/12/18','RR/MM/DD'));
Insert into CETUS.TBL_MEMBER (USERID,USERPW,USERNAME,ENABLED,REGDATE,UPDATEDATE) values ('user6','$2a$10$eXvePXTRrVALiIte3UpulewniLmUVWZC3ivROE76JCp4LRsTKSbNG','일반사용자6','1',to_date('21/12/18','RR/MM/DD'),to_date('21/12/18','RR/MM/DD'));
Insert into CETUS.TBL_MEMBER (USERID,USERPW,USERNAME,ENABLED,REGDATE,UPDATEDATE) values ('user7','$2a$10$56Bh.0s0vUkJAhtITUIl0ODzj9AZX54uD1gKYZvNbFgMmgb6CKrlu','일반사용자7','1',to_date('21/12/18','RR/MM/DD'),to_date('21/12/18','RR/MM/DD'));
Insert into CETUS.TBL_MEMBER (USERID,USERPW,USERNAME,ENABLED,REGDATE,UPDATEDATE) values ('user8','$2a$10$bN9iyB4Tl7Snd20lPrzixeP/in2ATe4Vk6sapikCJGOwhoZ6D92TK','일반사용자8','1',to_date('21/12/18','RR/MM/DD'),to_date('21/12/18','RR/MM/DD'));
Insert into CETUS.TBL_MEMBER (USERID,USERPW,USERNAME,ENABLED,REGDATE,UPDATEDATE) values ('user9','$2a$10$C25vKEkuJxqrRmeRbBDxn.yjJq6wMYhm4SseY06wHIjE9OOvi/UH.','일반사용자9','1',to_date('21/12/18','RR/MM/DD'),to_date('21/12/18','RR/MM/DD'));
Insert into CETUS.TBL_MEMBER (USERID,USERPW,USERNAME,ENABLED,REGDATE,UPDATEDATE) values ('user10','$2a$10$VYQSV.DUwKoeVUZ6Ig0vP.10ZaLaMb8UYPJFNqgAJ/QcDF66GxCOG','일반사용자10','1',to_date('21/12/18','RR/MM/DD'),to_date('21/12/18','RR/MM/DD'));
Insert into CETUS.TBL_MEMBER (USERID,USERPW,USERNAME,ENABLED,REGDATE,UPDATEDATE) values ('user11','$2a$10$JTcDgLmMgtlPWYW2ET/06.pSMk8qUfhfym4HQ5Cobcbl4lWoX7wCy','일반사용자11','1',to_date('21/12/18','RR/MM/DD'),to_date('21/12/18','RR/MM/DD'));
Insert into CETUS.TBL_MEMBER (USERID,USERPW,USERNAME,ENABLED,REGDATE,UPDATEDATE) values ('user12','$2a$10$VqgfNLnvOP3YtkztYbuAWOCLDiBFLTgMRHfsmIY7Nb4w4q..wVGRy','일반사용자12','1',to_date('21/12/18','RR/MM/DD'),to_date('21/12/18','RR/MM/DD'));
Insert into CETUS.TBL_MEMBER (USERID,USERPW,USERNAME,ENABLED,REGDATE,UPDATEDATE) values ('user13','$2a$10$yrtbazZhAp47HOJW5FmBoeYkruQQ0J20SenulgZkA3iBuq4/2N.Su','일반사용자13','1',to_date('21/12/18','RR/MM/DD'),to_date('21/12/18','RR/MM/DD'));
Insert into CETUS.TBL_MEMBER (USERID,USERPW,USERNAME,ENABLED,REGDATE,UPDATEDATE) values ('user14','$2a$10$2AWQ7k9kFtflo8HhuhJW0uWpjMJEf1wV1j6DhRqOHrDYT4r2N7aOS','일반사용자14','1',to_date('21/12/18','RR/MM/DD'),to_date('21/12/18','RR/MM/DD'));
Insert into CETUS.TBL_MEMBER (USERID,USERPW,USERNAME,ENABLED,REGDATE,UPDATEDATE) values ('user15','$2a$10$ODaZ9Q8XvzzbiEUlfv618.Tg7s1r7RX2YrqJN51d/YUwJ40cWyKry','일반사용자15','1',to_date('21/12/18','RR/MM/DD'),to_date('21/12/18','RR/MM/DD'));
Insert into CETUS.TBL_MEMBER (USERID,USERPW,USERNAME,ENABLED,REGDATE,UPDATEDATE) values ('user16','$2a$10$sAB1glhKjqWiHlQvDddkeeJvqm0jyvnmcZKnh6yk7/AMzE6651xcy','일반사용자16','1',to_date('21/12/18','RR/MM/DD'),to_date('21/12/18','RR/MM/DD'));
Insert into CETUS.TBL_MEMBER (USERID,USERPW,USERNAME,ENABLED,REGDATE,UPDATEDATE) values ('user17','$2a$10$lDzJubZoWWhHXkgZwfJGXujXHnQkOqm3czR2AU/dRHYHwIXH8B1zm','일반사용자17','1',to_date('21/12/18','RR/MM/DD'),to_date('21/12/18','RR/MM/DD'));
Insert into CETUS.TBL_MEMBER (USERID,USERPW,USERNAME,ENABLED,REGDATE,UPDATEDATE) values ('user18','$2a$10$oiSGzml.lOxS7lgE8LWAIOIxkZcfqB1B/Xgv4AqUVI9a7tCiOdJgK','일반사용자18','1',to_date('21/12/18','RR/MM/DD'),to_date('21/12/18','RR/MM/DD'));
Insert into CETUS.TBL_MEMBER (USERID,USERPW,USERNAME,ENABLED,REGDATE,UPDATEDATE) values ('user19','$2a$10$FKCgmUHE2jM8G8YEePUul.0fv.qQIdr/.ZUwslNDJKrmsKMnR7.nO','일반사용자19','1',to_date('21/12/18','RR/MM/DD'),to_date('21/12/18','RR/MM/DD'));
Insert into CETUS.TBL_MEMBER (USERID,USERPW,USERNAME,ENABLED,REGDATE,UPDATEDATE) values ('user20','$2a$10$LPKyKEo9oADqKxpfAGNE2.Qu.asfdTjXbv7zejG7aJYbtUTlvBpRe','일반사용자20','1',to_date('21/12/18','RR/MM/DD'),to_date('21/12/18','RR/MM/DD'));
Insert into CETUS.TBL_MEMBER (USERID,USERPW,USERNAME,ENABLED,REGDATE,UPDATEDATE) values ('user21','$2a$10$fAaj9OcbNsJ8ynlg6.rEmO4ti6YeVUGhqIW3RG8PpoHL5o9YdWslS','일반사용자21','1',to_date('21/12/18','RR/MM/DD'),to_date('21/12/18','RR/MM/DD'));
Insert into CETUS.TBL_MEMBER (USERID,USERPW,USERNAME,ENABLED,REGDATE,UPDATEDATE) values ('user22','$2a$10$N91HnHBe0Xh0CI/612zW1.qhR5bFMmCVB9m9zbkWX9o9/hCn2W.ou','일반사용자22','1',to_date('21/12/18','RR/MM/DD'),to_date('21/12/18','RR/MM/DD'));
Insert into CETUS.TBL_MEMBER (USERID,USERPW,USERNAME,ENABLED,REGDATE,UPDATEDATE) values ('user23','$2a$10$NptoZCtxOxvKC6DiE.ga5OY2M3ud55.izjmzmgkaIVndohDhPljCW','일반사용자23','1',to_date('21/12/18','RR/MM/DD'),to_date('21/12/18','RR/MM/DD'));
Insert into CETUS.TBL_MEMBER (USERID,USERPW,USERNAME,ENABLED,REGDATE,UPDATEDATE) values ('user24','$2a$10$BoMtfdTG6vMUMhe3Z4Zh5..rmqb8TvHkywenasbu3JzDPpqAxD0BG','일반사용자24','1',to_date('21/12/18','RR/MM/DD'),to_date('21/12/18','RR/MM/DD'));
Insert into CETUS.TBL_MEMBER (USERID,USERPW,USERNAME,ENABLED,REGDATE,UPDATEDATE) values ('user25','$2a$10$4XEVK3g56WuZNqcbjsJFXOufyHf2TrNXsTcpFFkks7QmWfIwTtuQa','일반사용자25','1',to_date('21/12/18','RR/MM/DD'),to_date('21/12/18','RR/MM/DD'));
Insert into CETUS.TBL_MEMBER (USERID,USERPW,USERNAME,ENABLED,REGDATE,UPDATEDATE) values ('user26','$2a$10$D6yWNwIX7L4vSByA4s1ilOnsVspdKpS./9bJCNWJ7HDCw4g.7H3Um','일반사용자26','1',to_date('21/12/18','RR/MM/DD'),to_date('21/12/18','RR/MM/DD'));
Insert into CETUS.TBL_MEMBER (USERID,USERPW,USERNAME,ENABLED,REGDATE,UPDATEDATE) values ('user27','$2a$10$yqCnQjvkn/8wmCh3xv4x.e757tJn3X7jUdRmFhY7ih.9kjJBg5Pvi','일반사용자27','1',to_date('21/12/18','RR/MM/DD'),to_date('21/12/18','RR/MM/DD'));
Insert into CETUS.TBL_MEMBER (USERID,USERPW,USERNAME,ENABLED,REGDATE,UPDATEDATE) values ('user28','$2a$10$GyvklNvzX1Y3VWO2GzkoNuo/PjmJQJmVNDWY7Mcq7n8SwGPxKe3Ja','일반사용자28','1',to_date('21/12/18','RR/MM/DD'),to_date('21/12/18','RR/MM/DD'));
Insert into CETUS.TBL_MEMBER (USERID,USERPW,USERNAME,ENABLED,REGDATE,UPDATEDATE) values ('user29','$2a$10$fd9EYwAPiDO7WToxoKNnp.OdW0WttIWZ4QtcbE1oK2yoXvDRy0apC','일반사용자29','1',to_date('21/12/18','RR/MM/DD'),to_date('21/12/18','RR/MM/DD'));
Insert into CETUS.TBL_MEMBER (USERID,USERPW,USERNAME,ENABLED,REGDATE,UPDATEDATE) values ('user30','$2a$10$5Rtj0Oh8UBByYQZWmBylR.bqj8SY5OxRbjLq8PYll2ddGu7JIgqji','일반사용자30','1',to_date('21/12/18','RR/MM/DD'),to_date('21/12/18','RR/MM/DD'));
Insert into CETUS.TBL_MEMBER (USERID,USERPW,USERNAME,ENABLED,REGDATE,UPDATEDATE) values ('user31','$2a$10$3kgDXukYOPzrGHdvgXVKQ.jqGdy6M6KmXiTl0tboFwz4VRupQj0aG','일반사용자31','1',to_date('21/12/18','RR/MM/DD'),to_date('21/12/18','RR/MM/DD'));
Insert into CETUS.TBL_MEMBER (USERID,USERPW,USERNAME,ENABLED,REGDATE,UPDATEDATE) values ('user32','$2a$10$2KzKSE/HsOG4u8P9VUNYRux1EGgsJmiEbFqAQaQiy3MaD2tGtxa/O','일반사용자32','1',to_date('21/12/18','RR/MM/DD'),to_date('21/12/18','RR/MM/DD'));
Insert into CETUS.TBL_MEMBER (USERID,USERPW,USERNAME,ENABLED,REGDATE,UPDATEDATE) values ('user33','$2a$10$wzqPHHOxHbzNNzekc4MTzuMizq3mEdzB6zz8JIS6eEyWi.0y.sVc6','일반사용자33','1',to_date('21/12/18','RR/MM/DD'),to_date('21/12/18','RR/MM/DD'));
Insert into CETUS.TBL_MEMBER (USERID,USERPW,USERNAME,ENABLED,REGDATE,UPDATEDATE) values ('user34','$2a$10$R5aJU/nE3h/y901dIYoGdeYgeARSUmZSJzCbysRIPfBpTGnroMDEe','일반사용자34','1',to_date('21/12/18','RR/MM/DD'),to_date('21/12/18','RR/MM/DD'));
Insert into CETUS.TBL_MEMBER (USERID,USERPW,USERNAME,ENABLED,REGDATE,UPDATEDATE) values ('user35','$2a$10$1v9wbCdailuWmpUvMLymTeFqVuejPrcH.HP2S0Sg4ZqrjNzimxduC','일반사용자35','1',to_date('21/12/18','RR/MM/DD'),to_date('21/12/18','RR/MM/DD'));
Insert into CETUS.TBL_MEMBER (USERID,USERPW,USERNAME,ENABLED,REGDATE,UPDATEDATE) values ('user36','$2a$10$Htip92eWlgJnm/cUVBQOveZGEvSJC0e8mYGcHKbu3eFddhSIlHMT.','일반사용자36','1',to_date('21/12/18','RR/MM/DD'),to_date('21/12/18','RR/MM/DD'));
Insert into CETUS.TBL_MEMBER (USERID,USERPW,USERNAME,ENABLED,REGDATE,UPDATEDATE) values ('user37','$2a$10$OGpKVDwKZdkoRulWz.qnbO5Sq6fcoeXAIt86gGfUiRI/UhKvG0v/C','일반사용자37','1',to_date('21/12/18','RR/MM/DD'),to_date('21/12/18','RR/MM/DD'));
Insert into CETUS.TBL_MEMBER (USERID,USERPW,USERNAME,ENABLED,REGDATE,UPDATEDATE) values ('user38','$2a$10$9GWqYdXxLxQtxna0SfxNGuRG7LyfEmPGM5QiFVBrtc57KI3oNWoEi','일반사용자38','1',to_date('21/12/18','RR/MM/DD'),to_date('21/12/18','RR/MM/DD'));
Insert into CETUS.TBL_MEMBER (USERID,USERPW,USERNAME,ENABLED,REGDATE,UPDATEDATE) values ('user39','$2a$10$eQT8TDo9OWRLBe/O2gFVUerFW1QNp7WhCn5PRfp3CWRKzT9/yzdwG','일반사용자39','1',to_date('21/12/18','RR/MM/DD'),to_date('21/12/18','RR/MM/DD'));
Insert into CETUS.TBL_MEMBER (USERID,USERPW,USERNAME,ENABLED,REGDATE,UPDATEDATE) values ('user40','$2a$10$4EVf9d632RH0eusxKVJ9deB4AzwpZQLmh.Q1krzToJVRWuvK9whSC','일반사용자40','1',to_date('21/12/18','RR/MM/DD'),to_date('21/12/18','RR/MM/DD'));
Insert into CETUS.TBL_MEMBER (USERID,USERPW,USERNAME,ENABLED,REGDATE,UPDATEDATE) values ('user41','$2a$10$rxJ2kid6lTNe825iKzz8sOHzZtc.zqnZrqmw.9TizDQGlAlQw1f4G','일반사용자41','1',to_date('21/12/18','RR/MM/DD'),to_date('21/12/18','RR/MM/DD'));
Insert into CETUS.TBL_MEMBER (USERID,USERPW,USERNAME,ENABLED,REGDATE,UPDATEDATE) values ('user42','$2a$10$c8cmqFUmJmui0FXGuxuwaenZKEDq2QMQnK0zTDBy99RU3c.4nTBpi','일반사용자42','1',to_date('21/12/18','RR/MM/DD'),to_date('21/12/18','RR/MM/DD'));
Insert into CETUS.TBL_MEMBER (USERID,USERPW,USERNAME,ENABLED,REGDATE,UPDATEDATE) values ('user43','$2a$10$pAtvsaLgg6Fb9MoLqSI4O.5NR46YmGGVJH6ihb8LAmbQMi8HSZMA2','일반사용자43','1',to_date('21/12/18','RR/MM/DD'),to_date('21/12/18','RR/MM/DD'));
Insert into CETUS.TBL_MEMBER (USERID,USERPW,USERNAME,ENABLED,REGDATE,UPDATEDATE) values ('user44','$2a$10$Y8aCT23yApGua7O6FTG9Je6UnIQOucinqElolWCCiq4NZ9DnXJg7q','일반사용자44','1',to_date('21/12/18','RR/MM/DD'),to_date('21/12/18','RR/MM/DD'));
Insert into CETUS.TBL_MEMBER (USERID,USERPW,USERNAME,ENABLED,REGDATE,UPDATEDATE) values ('user45','$2a$10$VSlrxhsOaMnCOxM5IrQCVuSdgDOdqRpHX88eFHkmAiOXFO7mh5W1a','일반사용자45','1',to_date('21/12/18','RR/MM/DD'),to_date('21/12/18','RR/MM/DD'));
Insert into CETUS.TBL_MEMBER (USERID,USERPW,USERNAME,ENABLED,REGDATE,UPDATEDATE) values ('user46','$2a$10$PB.B38kDAHNbEztYb3h4uuKoxkDR9s2yKb0uI/MDdrNom4WK33Jk6','일반사용자46','1',to_date('21/12/18','RR/MM/DD'),to_date('21/12/18','RR/MM/DD'));
Insert into CETUS.TBL_MEMBER (USERID,USERPW,USERNAME,ENABLED,REGDATE,UPDATEDATE) values ('user47','$2a$10$wczFdlc9DXagyenBeee29eHfGNwmHecfaoXWGP/0hOespkozVDQ6e','일반사용자47','1',to_date('21/12/18','RR/MM/DD'),to_date('21/12/18','RR/MM/DD'));
Insert into CETUS.TBL_MEMBER (USERID,USERPW,USERNAME,ENABLED,REGDATE,UPDATEDATE) values ('user48','$2a$10$k/PMk9ILgepbSLfSzAXpeOfsD5UMu1l.o5ZI4BPRu4jathLPFfnHO','일반사용자48','1',to_date('21/12/18','RR/MM/DD'),to_date('21/12/18','RR/MM/DD'));
Insert into CETUS.TBL_MEMBER (USERID,USERPW,USERNAME,ENABLED,REGDATE,UPDATEDATE) values ('user49','$2a$10$QvkENsyTJsgCMh5GzBu9O.Gui6CZn9NSwWCFFU8cnAgkF9uEXFweq','일반사용자49','1',to_date('21/12/18','RR/MM/DD'),to_date('21/12/18','RR/MM/DD'));
Insert into CETUS.TBL_MEMBER (USERID,USERPW,USERNAME,ENABLED,REGDATE,UPDATEDATE) values ('user50','$2a$10$xolL0FsaoR23gA3qaPjeSela7ByNDLLuvlVS01wXFmeOdwn.O7uSa','일반사용자50','1',to_date('21/12/18','RR/MM/DD'),to_date('21/12/18','RR/MM/DD'));
Insert into CETUS.TBL_MEMBER (USERID,USERPW,USERNAME,ENABLED,REGDATE,UPDATEDATE) values ('user51','$2a$10$naPyeyZrNsIqnB3M3YgQq.eEcnkT.76lP4ZNgUeNDogODrf5VfgPG','일반사용자51','1',to_date('21/12/18','RR/MM/DD'),to_date('21/12/18','RR/MM/DD'));
Insert into CETUS.TBL_MEMBER (USERID,USERPW,USERNAME,ENABLED,REGDATE,UPDATEDATE) values ('user52','$2a$10$/Jm3azgO7PREeCu3IRnssum7GhJVqx.Wc9fI/e4ukt3ZuZ6jGE1ja','일반사용자52','1',to_date('21/12/18','RR/MM/DD'),to_date('21/12/18','RR/MM/DD'));
Insert into CETUS.TBL_MEMBER (USERID,USERPW,USERNAME,ENABLED,REGDATE,UPDATEDATE) values ('user53','$2a$10$fO47qsF3tIZfdZSgkFN5U.hmrkEREe6jgdhFgJLQ7giLVU9zsH2C6','일반사용자53','1',to_date('21/12/18','RR/MM/DD'),to_date('21/12/18','RR/MM/DD'));
Insert into CETUS.TBL_MEMBER (USERID,USERPW,USERNAME,ENABLED,REGDATE,UPDATEDATE) values ('user54','$2a$10$95xJGCshD8qNU5EOzwnZROXriFb6lCuOFN/Ttca1hBMtVYodjxKWi','일반사용자54','1',to_date('21/12/18','RR/MM/DD'),to_date('21/12/18','RR/MM/DD'));
Insert into CETUS.TBL_MEMBER (USERID,USERPW,USERNAME,ENABLED,REGDATE,UPDATEDATE) values ('user55','$2a$10$YYW4yWjS7kLRky1BFUkPJe1f8.sU.ffH0Ix3/P9yViA4bhnyS9vCe','일반사용자55','1',to_date('21/12/18','RR/MM/DD'),to_date('21/12/18','RR/MM/DD'));
Insert into CETUS.TBL_MEMBER (USERID,USERPW,USERNAME,ENABLED,REGDATE,UPDATEDATE) values ('user56','$2a$10$o21qluTayHFMC/YQ49Gs4OzbHXQO0F5J8Cg9zOSXztC/LBXOApjVC','일반사용자56','1',to_date('21/12/18','RR/MM/DD'),to_date('21/12/18','RR/MM/DD'));
Insert into CETUS.TBL_MEMBER (USERID,USERPW,USERNAME,ENABLED,REGDATE,UPDATEDATE) values ('user57','$2a$10$ZWXjDv8ib.8HYx4CeMPCjuX1VcdTSFDEC5M/4dKBj7454HQCcdwoy','일반사용자57','1',to_date('21/12/18','RR/MM/DD'),to_date('21/12/18','RR/MM/DD'));
Insert into CETUS.TBL_MEMBER (USERID,USERPW,USERNAME,ENABLED,REGDATE,UPDATEDATE) values ('user58','$2a$10$OMy7kjXq5.IMaYqPJ6IIAe8muH6HLe9B3jH6.tLcjhPQYV8qVLLgC','일반사용자58','1',to_date('21/12/18','RR/MM/DD'),to_date('21/12/18','RR/MM/DD'));
Insert into CETUS.TBL_MEMBER (USERID,USERPW,USERNAME,ENABLED,REGDATE,UPDATEDATE) values ('user59','$2a$10$WjM63mAZjfgh2vk36yVL3uN3YIvpH0ccavIPGrYOknY7NQ5zPrJJi','일반사용자59','1',to_date('21/12/18','RR/MM/DD'),to_date('21/12/18','RR/MM/DD'));
Insert into CETUS.TBL_MEMBER (USERID,USERPW,USERNAME,ENABLED,REGDATE,UPDATEDATE) values ('user60','$2a$10$JSINkcsf8a1waeZ88PL4S.1ZyxCMqboH9Qi7kKzId1e8kQ3JBkoCW','일반사용자60','1',to_date('21/12/18','RR/MM/DD'),to_date('21/12/18','RR/MM/DD'));
Insert into CETUS.TBL_MEMBER (USERID,USERPW,USERNAME,ENABLED,REGDATE,UPDATEDATE) values ('user61','$2a$10$./sFO04.ME622EaZScgEHuXS4VW.W219HxngzgCUh8oOyeYsdTmcu','일반사용자61','1',to_date('21/12/18','RR/MM/DD'),to_date('21/12/18','RR/MM/DD'));
Insert into CETUS.TBL_MEMBER (USERID,USERPW,USERNAME,ENABLED,REGDATE,UPDATEDATE) values ('user62','$2a$10$0tbiWpA.h1npYc/8dTr3KeeAcTQN9qG.ILqGW5ND0R8jcKBLoTSTm','일반사용자62','1',to_date('21/12/18','RR/MM/DD'),to_date('21/12/18','RR/MM/DD'));
Insert into CETUS.TBL_MEMBER (USERID,USERPW,USERNAME,ENABLED,REGDATE,UPDATEDATE) values ('user63','$2a$10$Dv2BpLSNtkDDnpGHW/Dnc.rQC.87TaTfJb0yjVU7SAazy8QCCmHv2','일반사용자63','1',to_date('21/12/18','RR/MM/DD'),to_date('21/12/18','RR/MM/DD'));
Insert into CETUS.TBL_MEMBER (USERID,USERPW,USERNAME,ENABLED,REGDATE,UPDATEDATE) values ('user64','$2a$10$rV.5WYZLrKe/u5xfdL2yZuNC91kJnDKA9KGlAqjkCkL0EydQajWtq','일반사용자64','1',to_date('21/12/18','RR/MM/DD'),to_date('21/12/18','RR/MM/DD'));
Insert into CETUS.TBL_MEMBER (USERID,USERPW,USERNAME,ENABLED,REGDATE,UPDATEDATE) values ('user65','$2a$10$iaTIuJkefTBj4m/f27n38eIFgf7uTGYqSa.ToyOXes4jSEUj6kDf2','일반사용자65','1',to_date('21/12/18','RR/MM/DD'),to_date('21/12/18','RR/MM/DD'));
Insert into CETUS.TBL_MEMBER (USERID,USERPW,USERNAME,ENABLED,REGDATE,UPDATEDATE) values ('user66','$2a$10$c8gUZeVpW4uzejYeR90OFOrZdvwSB6YJj8Wvsh0Yy68fewn49ltZK','일반사용자66','1',to_date('21/12/18','RR/MM/DD'),to_date('21/12/18','RR/MM/DD'));
Insert into CETUS.TBL_MEMBER (USERID,USERPW,USERNAME,ENABLED,REGDATE,UPDATEDATE) values ('user67','$2a$10$sC4ImLkfXQpMH1CGn3.n2ec5QRTtznxU4E6hDmOZpFagkea6BuNqy','일반사용자67','1',to_date('21/12/18','RR/MM/DD'),to_date('21/12/18','RR/MM/DD'));
Insert into CETUS.TBL_MEMBER (USERID,USERPW,USERNAME,ENABLED,REGDATE,UPDATEDATE) values ('user68','$2a$10$EV9v/ee.tFTjdpNd1k5vzeN4bpU9hdk2tEwwEr5fnWi73O4W8BdWK','일반사용자68','1',to_date('21/12/18','RR/MM/DD'),to_date('21/12/18','RR/MM/DD'));
Insert into CETUS.TBL_MEMBER (USERID,USERPW,USERNAME,ENABLED,REGDATE,UPDATEDATE) values ('user69','$2a$10$td6.old5d26elCqt06H/6Oy7P/m0jfT6O06Jp1qgwz9diNxxWTMem','일반사용자69','1',to_date('21/12/18','RR/MM/DD'),to_date('21/12/18','RR/MM/DD'));
Insert into CETUS.TBL_MEMBER (USERID,USERPW,USERNAME,ENABLED,REGDATE,UPDATEDATE) values ('user70','$2a$10$ftOvYN2Ctj0AZAsBLY9oHeeVyOT3LbpVXFEIDi/OMOdoThg.gEpzG','일반사용자70','1',to_date('21/12/18','RR/MM/DD'),to_date('21/12/18','RR/MM/DD'));
Insert into CETUS.TBL_MEMBER (USERID,USERPW,USERNAME,ENABLED,REGDATE,UPDATEDATE) values ('user71','$2a$10$0m3TPa6sVBoywJ83oAvde.UiVbbdpTw6.C82Ko7WWXkGJKJ9B6Lw6','일반사용자71','1',to_date('21/12/18','RR/MM/DD'),to_date('21/12/18','RR/MM/DD'));
Insert into CETUS.TBL_MEMBER (USERID,USERPW,USERNAME,ENABLED,REGDATE,UPDATEDATE) values ('user72','$2a$10$CqM50ZgCckr1X7mCgMtJWOCbcRSUFdr4Q3HH7W6mj1mBNQDrOoi7S','일반사용자72','1',to_date('21/12/18','RR/MM/DD'),to_date('21/12/18','RR/MM/DD'));
Insert into CETUS.TBL_MEMBER (USERID,USERPW,USERNAME,ENABLED,REGDATE,UPDATEDATE) values ('user73','$2a$10$1An/A4VeGMRY85y43GIipOmGCHXXh0zLSJ0qMWszB6Ht6/ox5JrDS','일반사용자73','1',to_date('21/12/18','RR/MM/DD'),to_date('21/12/18','RR/MM/DD'));
Insert into CETUS.TBL_MEMBER (USERID,USERPW,USERNAME,ENABLED,REGDATE,UPDATEDATE) values ('user74','$2a$10$6GMmUA8i.DgDddE8iseptO6bzWJpIInhMFnvAISBsTzicxUG4I4ea','일반사용자74','1',to_date('21/12/18','RR/MM/DD'),to_date('21/12/18','RR/MM/DD'));
Insert into CETUS.TBL_MEMBER (USERID,USERPW,USERNAME,ENABLED,REGDATE,UPDATEDATE) values ('user75','$2a$10$bkWM8.LsIdEWN4nsU76te.KvuPdqROrQ.RLayUasdG6i.w0WRgPie','일반사용자75','1',to_date('21/12/18','RR/MM/DD'),to_date('21/12/18','RR/MM/DD'));
Insert into CETUS.TBL_MEMBER (USERID,USERPW,USERNAME,ENABLED,REGDATE,UPDATEDATE) values ('user76','$2a$10$OGdCJP1.kW/FPUbkI6mx0eqtBhTg1kKdWH6WMLqytH4ckeh2Syzga','일반사용자76','1',to_date('21/12/18','RR/MM/DD'),to_date('21/12/18','RR/MM/DD'));
Insert into CETUS.TBL_MEMBER (USERID,USERPW,USERNAME,ENABLED,REGDATE,UPDATEDATE) values ('user77','$2a$10$oRC.1pzEs4x.iY7EMUOWD.4T74BnI/CYrbRc46Hs6sBc.r68e4s9W','일반사용자77','1',to_date('21/12/18','RR/MM/DD'),to_date('21/12/18','RR/MM/DD'));
Insert into CETUS.TBL_MEMBER (USERID,USERPW,USERNAME,ENABLED,REGDATE,UPDATEDATE) values ('user78','$2a$10$Jp023lr6Tu1Ihg58gNfY6eUDoThsr2VNj4bzwIs3TWT29KwW/r2Lu','일반사용자78','1',to_date('21/12/18','RR/MM/DD'),to_date('21/12/18','RR/MM/DD'));
Insert into CETUS.TBL_MEMBER (USERID,USERPW,USERNAME,ENABLED,REGDATE,UPDATEDATE) values ('user79','$2a$10$3yk4.Vhfrm7bgpB9nav10uIzedyeN7PayxPpx8W8XDkRShpHbLE9e','일반사용자79','1',to_date('21/12/18','RR/MM/DD'),to_date('21/12/18','RR/MM/DD'));
Insert into CETUS.TBL_MEMBER (USERID,USERPW,USERNAME,ENABLED,REGDATE,UPDATEDATE) values ('manager80','$2a$10$Iu57YP12mu161cdowPmFgORrbwNykqonlESDs77Te9KxikGxjiSn.','운영자80','1',to_date('21/12/18','RR/MM/DD'),to_date('21/12/18','RR/MM/DD'));
Insert into CETUS.TBL_MEMBER (USERID,USERPW,USERNAME,ENABLED,REGDATE,UPDATEDATE) values ('manager81','$2a$10$uiYyVL2xev4SBwzxtNF5HueblNFJ.znB2KqE9lfmy41YeTEWULzvC','운영자81','1',to_date('21/12/18','RR/MM/DD'),to_date('21/12/18','RR/MM/DD'));
Insert into CETUS.TBL_MEMBER (USERID,USERPW,USERNAME,ENABLED,REGDATE,UPDATEDATE) values ('manager82','$2a$10$etPPtmLhtMAtEqE1wC16aeJoRpG.lGYa09gwWoP0mRtVnDO5G.n0q','운영자82','1',to_date('21/12/18','RR/MM/DD'),to_date('21/12/18','RR/MM/DD'));
Insert into CETUS.TBL_MEMBER (USERID,USERPW,USERNAME,ENABLED,REGDATE,UPDATEDATE) values ('manager83','$2a$10$inT0p0cjFbV2/eNydP3Nae7/yrvRmmnKKHNiqfZzfWWYbC91neyOq','운영자83','1',to_date('21/12/18','RR/MM/DD'),to_date('21/12/18','RR/MM/DD'));
Insert into CETUS.TBL_MEMBER (USERID,USERPW,USERNAME,ENABLED,REGDATE,UPDATEDATE) values ('manager84','$2a$10$xoSnQq0v0oovHgrjODYUMehZMPQLUCFFNfQmjYvwtH7eL66Q.0h3u','운영자84','1',to_date('21/12/18','RR/MM/DD'),to_date('21/12/18','RR/MM/DD'));
Insert into CETUS.TBL_MEMBER (USERID,USERPW,USERNAME,ENABLED,REGDATE,UPDATEDATE) values ('manager85','$2a$10$QO5Qae6oqOecFP2Rq6IddOGBg4nROOQ49h/HuMnFoSdrQEnmbQyJ6','운영자85','1',to_date('21/12/18','RR/MM/DD'),to_date('21/12/18','RR/MM/DD'));
Insert into CETUS.TBL_MEMBER (USERID,USERPW,USERNAME,ENABLED,REGDATE,UPDATEDATE) values ('manager86','$2a$10$Zf/zmAtg3PltDFWiA3LvZ.DfRK9xeDmcSpvbDDHuVRuBSlfUfS7du','운영자86','1',to_date('21/12/18','RR/MM/DD'),to_date('21/12/18','RR/MM/DD'));
Insert into CETUS.TBL_MEMBER (USERID,USERPW,USERNAME,ENABLED,REGDATE,UPDATEDATE) values ('manager87','$2a$10$aV.hfpIU8ds7pifCfM/lRug8Fd46g0.Ij3EGpUw0i/hbySZzfzUb6','운영자87','1',to_date('21/12/18','RR/MM/DD'),to_date('21/12/18','RR/MM/DD'));
Insert into CETUS.TBL_MEMBER (USERID,USERPW,USERNAME,ENABLED,REGDATE,UPDATEDATE) values ('manager88','$2a$10$/vCMonXMB7GsfmS21Ore4uRqeEE9PP4na8FbdjmgG3F.bmAJtzB4K','운영자88','1',to_date('21/12/18','RR/MM/DD'),to_date('21/12/18','RR/MM/DD'));
Insert into CETUS.TBL_MEMBER (USERID,USERPW,USERNAME,ENABLED,REGDATE,UPDATEDATE) values ('manager89','$2a$10$S3b0hdeHue5vHCse9/LW1eHEqIMbd9BXIWOHIYVKHSki2uS8qL84u','운영자89','1',to_date('21/12/18','RR/MM/DD'),to_date('21/12/18','RR/MM/DD'));
Insert into CETUS.TBL_MEMBER (USERID,USERPW,USERNAME,ENABLED,REGDATE,UPDATEDATE) values ('admin90','$2a$10$.5kncxcxvsgmTRk.tbALAeMByT2MugEmQIABh7PjgpaGiaRzw98g6','관리자90','1',to_date('21/12/18','RR/MM/DD'),to_date('21/12/18','RR/MM/DD'));
Insert into CETUS.TBL_MEMBER (USERID,USERPW,USERNAME,ENABLED,REGDATE,UPDATEDATE) values ('admin91','$2a$10$EEWxJ8UrbABZa2kCFXkh2u/TiCEtgNpE/kG4I/LxXrWDFsSGAI/n2','관리자91','1',to_date('21/12/18','RR/MM/DD'),to_date('21/12/18','RR/MM/DD'));
Insert into CETUS.TBL_MEMBER (USERID,USERPW,USERNAME,ENABLED,REGDATE,UPDATEDATE) values ('admin92','$2a$10$sBEUr.jIkRmYySzxYN3r5efgRv//697JJRdVPZ3VtsB6R30RayxqG','관리자92','1',to_date('21/12/18','RR/MM/DD'),to_date('21/12/18','RR/MM/DD'));
Insert into CETUS.TBL_MEMBER (USERID,USERPW,USERNAME,ENABLED,REGDATE,UPDATEDATE) values ('admin93','$2a$10$BSNnD7otHpEn48Bcfbufy.1a6OBvjNeONjboewtUsTHdX6v4I4OV.','관리자93','1',to_date('21/12/18','RR/MM/DD'),to_date('21/12/18','RR/MM/DD'));
Insert into CETUS.TBL_MEMBER (USERID,USERPW,USERNAME,ENABLED,REGDATE,UPDATEDATE) values ('admin94','$2a$10$QLGFhP0TWgCRmKyA65vLku9Wn8KWiwpOoAWrvZBdbcDGwFWGFCukm','관리자94','1',to_date('21/12/18','RR/MM/DD'),to_date('21/12/18','RR/MM/DD'));
Insert into CETUS.TBL_MEMBER (USERID,USERPW,USERNAME,ENABLED,REGDATE,UPDATEDATE) values ('admin95','$2a$10$mxg9M7px6GdgD6z6oP4AdOQUl1X9VklSsMxx9m2B/dP42IyN1IU8C','관리자95','1',to_date('21/12/18','RR/MM/DD'),to_date('21/12/18','RR/MM/DD'));
Insert into CETUS.TBL_MEMBER (USERID,USERPW,USERNAME,ENABLED,REGDATE,UPDATEDATE) values ('admin96','$2a$10$e9FOUs3jpVdJ5NnhWYgRne1NdHuvRjC8EUz1OfWe96Fok.h4mK0bS','관리자96','1',to_date('21/12/18','RR/MM/DD'),to_date('21/12/18','RR/MM/DD'));
Insert into CETUS.TBL_MEMBER (USERID,USERPW,USERNAME,ENABLED,REGDATE,UPDATEDATE) values ('admin97','$2a$10$M4SwO/mSQ5nqOhz3Gv3QGOfHCb2ykeIrfrKGYkTg/EApUzZtwycT.','관리자97','1',to_date('21/12/18','RR/MM/DD'),to_date('21/12/18','RR/MM/DD'));
Insert into CETUS.TBL_MEMBER (USERID,USERPW,USERNAME,ENABLED,REGDATE,UPDATEDATE) values ('admin98','$2a$10$U4VvQ8QSCdMX0SRhO09vUugKosT2mbXzXbKXz/WSEBkE0SsCJvYbi','관리자98','1',to_date('21/12/18','RR/MM/DD'),to_date('21/12/18','RR/MM/DD'));
Insert into CETUS.TBL_MEMBER (USERID,USERPW,USERNAME,ENABLED,REGDATE,UPDATEDATE) values ('admin99','$2a$10$plKfLhpnJkK5XqycHrK84eMAYUzM4gRsenv4vEKCv1vpoMm/qBGr6','관리자99','1',to_date('21/12/18','RR/MM/DD'),to_date('21/12/18','RR/MM/DD'));
REM INSERTING into CETUS.TBL_MEMBER_AUTH
SET DEFINE OFF;
Insert into CETUS.TBL_MEMBER_AUTH (USERID,AUTH) values ('user0','ROLE_USER');
Insert into CETUS.TBL_MEMBER_AUTH (USERID,AUTH) values ('user1','ROLE_USER');
Insert into CETUS.TBL_MEMBER_AUTH (USERID,AUTH) values ('user2','ROLE_USER');
Insert into CETUS.TBL_MEMBER_AUTH (USERID,AUTH) values ('user3','ROLE_USER');
Insert into CETUS.TBL_MEMBER_AUTH (USERID,AUTH) values ('user4','ROLE_USER');
Insert into CETUS.TBL_MEMBER_AUTH (USERID,AUTH) values ('user5','ROLE_USER');
Insert into CETUS.TBL_MEMBER_AUTH (USERID,AUTH) values ('user6','ROLE_USER');
Insert into CETUS.TBL_MEMBER_AUTH (USERID,AUTH) values ('user7','ROLE_USER');
Insert into CETUS.TBL_MEMBER_AUTH (USERID,AUTH) values ('user8','ROLE_USER');
Insert into CETUS.TBL_MEMBER_AUTH (USERID,AUTH) values ('user9','ROLE_USER');
Insert into CETUS.TBL_MEMBER_AUTH (USERID,AUTH) values ('user10','ROLE_USER');
Insert into CETUS.TBL_MEMBER_AUTH (USERID,AUTH) values ('user11','ROLE_USER');
Insert into CETUS.TBL_MEMBER_AUTH (USERID,AUTH) values ('user12','ROLE_USER');
Insert into CETUS.TBL_MEMBER_AUTH (USERID,AUTH) values ('user13','ROLE_USER');
Insert into CETUS.TBL_MEMBER_AUTH (USERID,AUTH) values ('user14','ROLE_USER');
Insert into CETUS.TBL_MEMBER_AUTH (USERID,AUTH) values ('user15','ROLE_USER');
Insert into CETUS.TBL_MEMBER_AUTH (USERID,AUTH) values ('user16','ROLE_USER');
Insert into CETUS.TBL_MEMBER_AUTH (USERID,AUTH) values ('user17','ROLE_USER');
Insert into CETUS.TBL_MEMBER_AUTH (USERID,AUTH) values ('user18','ROLE_USER');
Insert into CETUS.TBL_MEMBER_AUTH (USERID,AUTH) values ('user19','ROLE_USER');
Insert into CETUS.TBL_MEMBER_AUTH (USERID,AUTH) values ('user20','ROLE_USER');
Insert into CETUS.TBL_MEMBER_AUTH (USERID,AUTH) values ('user21','ROLE_USER');
Insert into CETUS.TBL_MEMBER_AUTH (USERID,AUTH) values ('user22','ROLE_USER');
Insert into CETUS.TBL_MEMBER_AUTH (USERID,AUTH) values ('user23','ROLE_USER');
Insert into CETUS.TBL_MEMBER_AUTH (USERID,AUTH) values ('user24','ROLE_USER');
Insert into CETUS.TBL_MEMBER_AUTH (USERID,AUTH) values ('user25','ROLE_USER');
Insert into CETUS.TBL_MEMBER_AUTH (USERID,AUTH) values ('user26','ROLE_USER');
Insert into CETUS.TBL_MEMBER_AUTH (USERID,AUTH) values ('user27','ROLE_USER');
Insert into CETUS.TBL_MEMBER_AUTH (USERID,AUTH) values ('user28','ROLE_USER');
Insert into CETUS.TBL_MEMBER_AUTH (USERID,AUTH) values ('user29','ROLE_USER');
Insert into CETUS.TBL_MEMBER_AUTH (USERID,AUTH) values ('user30','ROLE_USER');
Insert into CETUS.TBL_MEMBER_AUTH (USERID,AUTH) values ('user31','ROLE_USER');
Insert into CETUS.TBL_MEMBER_AUTH (USERID,AUTH) values ('user32','ROLE_USER');
Insert into CETUS.TBL_MEMBER_AUTH (USERID,AUTH) values ('user33','ROLE_USER');
Insert into CETUS.TBL_MEMBER_AUTH (USERID,AUTH) values ('user34','ROLE_USER');
Insert into CETUS.TBL_MEMBER_AUTH (USERID,AUTH) values ('user35','ROLE_USER');
Insert into CETUS.TBL_MEMBER_AUTH (USERID,AUTH) values ('user36','ROLE_USER');
Insert into CETUS.TBL_MEMBER_AUTH (USERID,AUTH) values ('user37','ROLE_USER');
Insert into CETUS.TBL_MEMBER_AUTH (USERID,AUTH) values ('user38','ROLE_USER');
Insert into CETUS.TBL_MEMBER_AUTH (USERID,AUTH) values ('user39','ROLE_USER');
Insert into CETUS.TBL_MEMBER_AUTH (USERID,AUTH) values ('user40','ROLE_USER');
Insert into CETUS.TBL_MEMBER_AUTH (USERID,AUTH) values ('user41','ROLE_USER');
Insert into CETUS.TBL_MEMBER_AUTH (USERID,AUTH) values ('user42','ROLE_USER');
Insert into CETUS.TBL_MEMBER_AUTH (USERID,AUTH) values ('user43','ROLE_USER');
Insert into CETUS.TBL_MEMBER_AUTH (USERID,AUTH) values ('user44','ROLE_USER');
Insert into CETUS.TBL_MEMBER_AUTH (USERID,AUTH) values ('user45','ROLE_USER');
Insert into CETUS.TBL_MEMBER_AUTH (USERID,AUTH) values ('user46','ROLE_USER');
Insert into CETUS.TBL_MEMBER_AUTH (USERID,AUTH) values ('user47','ROLE_USER');
Insert into CETUS.TBL_MEMBER_AUTH (USERID,AUTH) values ('user48','ROLE_USER');
Insert into CETUS.TBL_MEMBER_AUTH (USERID,AUTH) values ('user49','ROLE_USER');
Insert into CETUS.TBL_MEMBER_AUTH (USERID,AUTH) values ('user50','ROLE_USER');
Insert into CETUS.TBL_MEMBER_AUTH (USERID,AUTH) values ('user51','ROLE_USER');
Insert into CETUS.TBL_MEMBER_AUTH (USERID,AUTH) values ('user52','ROLE_USER');
Insert into CETUS.TBL_MEMBER_AUTH (USERID,AUTH) values ('user53','ROLE_USER');
Insert into CETUS.TBL_MEMBER_AUTH (USERID,AUTH) values ('user54','ROLE_USER');
Insert into CETUS.TBL_MEMBER_AUTH (USERID,AUTH) values ('user55','ROLE_USER');
Insert into CETUS.TBL_MEMBER_AUTH (USERID,AUTH) values ('user56','ROLE_USER');
Insert into CETUS.TBL_MEMBER_AUTH (USERID,AUTH) values ('user57','ROLE_USER');
Insert into CETUS.TBL_MEMBER_AUTH (USERID,AUTH) values ('user58','ROLE_USER');
Insert into CETUS.TBL_MEMBER_AUTH (USERID,AUTH) values ('user59','ROLE_USER');
Insert into CETUS.TBL_MEMBER_AUTH (USERID,AUTH) values ('user60','ROLE_USER');
Insert into CETUS.TBL_MEMBER_AUTH (USERID,AUTH) values ('user61','ROLE_USER');
Insert into CETUS.TBL_MEMBER_AUTH (USERID,AUTH) values ('user62','ROLE_USER');
Insert into CETUS.TBL_MEMBER_AUTH (USERID,AUTH) values ('user63','ROLE_USER');
Insert into CETUS.TBL_MEMBER_AUTH (USERID,AUTH) values ('user64','ROLE_USER');
Insert into CETUS.TBL_MEMBER_AUTH (USERID,AUTH) values ('user65','ROLE_USER');
Insert into CETUS.TBL_MEMBER_AUTH (USERID,AUTH) values ('user66','ROLE_USER');
Insert into CETUS.TBL_MEMBER_AUTH (USERID,AUTH) values ('user67','ROLE_USER');
Insert into CETUS.TBL_MEMBER_AUTH (USERID,AUTH) values ('user68','ROLE_USER');
Insert into CETUS.TBL_MEMBER_AUTH (USERID,AUTH) values ('user69','ROLE_USER');
Insert into CETUS.TBL_MEMBER_AUTH (USERID,AUTH) values ('user70','ROLE_USER');
Insert into CETUS.TBL_MEMBER_AUTH (USERID,AUTH) values ('user71','ROLE_USER');
Insert into CETUS.TBL_MEMBER_AUTH (USERID,AUTH) values ('user72','ROLE_USER');
Insert into CETUS.TBL_MEMBER_AUTH (USERID,AUTH) values ('user73','ROLE_USER');
Insert into CETUS.TBL_MEMBER_AUTH (USERID,AUTH) values ('user74','ROLE_USER');
Insert into CETUS.TBL_MEMBER_AUTH (USERID,AUTH) values ('user75','ROLE_USER');
Insert into CETUS.TBL_MEMBER_AUTH (USERID,AUTH) values ('user76','ROLE_USER');
Insert into CETUS.TBL_MEMBER_AUTH (USERID,AUTH) values ('user77','ROLE_USER');
Insert into CETUS.TBL_MEMBER_AUTH (USERID,AUTH) values ('user78','ROLE_USER');
Insert into CETUS.TBL_MEMBER_AUTH (USERID,AUTH) values ('user79','ROLE_USER');
Insert into CETUS.TBL_MEMBER_AUTH (USERID,AUTH) values ('manager80','ROLE_MEMBER');
Insert into CETUS.TBL_MEMBER_AUTH (USERID,AUTH) values ('manager81','ROLE_MEMBER');
Insert into CETUS.TBL_MEMBER_AUTH (USERID,AUTH) values ('manager82','ROLE_MEMBER');
Insert into CETUS.TBL_MEMBER_AUTH (USERID,AUTH) values ('manager83','ROLE_MEMBER');
Insert into CETUS.TBL_MEMBER_AUTH (USERID,AUTH) values ('manager84','ROLE_MEMBER');
Insert into CETUS.TBL_MEMBER_AUTH (USERID,AUTH) values ('manager85','ROLE_MEMBER');
Insert into CETUS.TBL_MEMBER_AUTH (USERID,AUTH) values ('manager86','ROLE_MEMBER');
Insert into CETUS.TBL_MEMBER_AUTH (USERID,AUTH) values ('manager87','ROLE_MEMBER');
Insert into CETUS.TBL_MEMBER_AUTH (USERID,AUTH) values ('manager88','ROLE_MEMBER');
Insert into CETUS.TBL_MEMBER_AUTH (USERID,AUTH) values ('manager89','ROLE_MEMBER');
Insert into CETUS.TBL_MEMBER_AUTH (USERID,AUTH) values ('admin90','ROLE_ADMIN');
Insert into CETUS.TBL_MEMBER_AUTH (USERID,AUTH) values ('admin91','ROLE_ADMIN');
Insert into CETUS.TBL_MEMBER_AUTH (USERID,AUTH) values ('admin92','ROLE_ADMIN');
Insert into CETUS.TBL_MEMBER_AUTH (USERID,AUTH) values ('admin93','ROLE_ADMIN');
Insert into CETUS.TBL_MEMBER_AUTH (USERID,AUTH) values ('admin94','ROLE_ADMIN');
Insert into CETUS.TBL_MEMBER_AUTH (USERID,AUTH) values ('admin95','ROLE_ADMIN');
Insert into CETUS.TBL_MEMBER_AUTH (USERID,AUTH) values ('admin96','ROLE_ADMIN');
Insert into CETUS.TBL_MEMBER_AUTH (USERID,AUTH) values ('admin97','ROLE_ADMIN');
Insert into CETUS.TBL_MEMBER_AUTH (USERID,AUTH) values ('admin98','ROLE_ADMIN');
Insert into CETUS.TBL_MEMBER_AUTH (USERID,AUTH) values ('admin99','ROLE_ADMIN');
REM INSERTING into CETUS.TBL_MYDOWNFILE
SET DEFINE OFF;
Insert into CETUS.TBL_MYDOWNFILE (BNO,CARTE,TITLE,FILESIZE,CASH,ID) values (642,'100','파일 업로드 테스트','5338588',540,'cetus1234');
Insert into CETUS.TBL_MYDOWNFILE (BNO,CARTE,TITLE,FILESIZE,CASH,ID) values (661,'300','dfgdfgdfg','2668662',270,'admin');
Insert into CETUS.TBL_MYDOWNFILE (BNO,CARTE,TITLE,FILESIZE,CASH,ID) values (668,'400','dfg','5218157',530,'admin');
REM INSERTING into CETUS.TBL_NOTICE
SET DEFINE OFF;
Insert into CETUS.TBL_NOTICE (NNO,NTITLE,NCONTENT,NWRITER,NREG_DATE) values (1,'공지입니다 입니다.','공지내용입니다 입니다.','admin90',to_date('21/12/13','RR/MM/DD'));
Insert into CETUS.TBL_NOTICE (NNO,NTITLE,NCONTENT,NWRITER,NREG_DATE) values (2,'공지입니다2','공지내용입니다2','admin92',to_date('21/12/13','RR/MM/DD'));
Insert into CETUS.TBL_NOTICE (NNO,NTITLE,NCONTENT,NWRITER,NREG_DATE) values (7,'공지 테스트 44','공지 테스트 44','admin_test4444',to_date('21/12/15','RR/MM/DD'));
Insert into CETUS.TBL_NOTICE (NNO,NTITLE,NCONTENT,NWRITER,NREG_DATE) values (41,'공지테스트6','공지테스트6','admin90',to_date('21/12/21','RR/MM/DD'));
Insert into CETUS.TBL_NOTICE (NNO,NTITLE,NCONTENT,NWRITER,NREG_DATE) values (5,'공지 테스트333','공지 테스트333 입니다.','admin_test3',to_date('21/12/15','RR/MM/DD'));
Insert into CETUS.TBL_NOTICE (NNO,NTITLE,NCONTENT,NWRITER,NREG_DATE) values (42,'공지테스트7','공지테스트7','admin90',to_date('21/12/21','RR/MM/DD'));
Insert into CETUS.TBL_NOTICE (NNO,NTITLE,NCONTENT,NWRITER,NREG_DATE) values (9,'공지 테스트 66','공지 테스트 66','admin_test66',to_date('21/12/15','RR/MM/DD'));
Insert into CETUS.TBL_NOTICE (NNO,NTITLE,NCONTENT,NWRITER,NREG_DATE) values (21,'공지 테스트 4','dfghj','admin_test4',to_date('21/12/16','RR/MM/DD'));
Insert into CETUS.TBL_NOTICE (NNO,NTITLE,NCONTENT,NWRITER,NREG_DATE) values (43,'공지테스트9','공지테스트9','admin90',to_date('21/12/21','RR/MM/DD'));
Insert into CETUS.TBL_NOTICE (NNO,NTITLE,NCONTENT,NWRITER,NREG_DATE) values (44,'공지테스트10','공지테스트10','공지테스트10',to_date('21/12/21','RR/MM/DD'));
Insert into CETUS.TBL_NOTICE (NNO,NTITLE,NCONTENT,NWRITER,NREG_DATE) values (45,'공지테스트11','공지테스트11','admin90',to_date('21/12/21','RR/MM/DD'));
Insert into CETUS.TBL_NOTICE (NNO,NTITLE,NCONTENT,NWRITER,NREG_DATE) values (47,'공지입니다 입니다.','공지내용입니다 입니다.','admin90',to_date('21/12/21','RR/MM/DD'));
Insert into CETUS.TBL_NOTICE (NNO,NTITLE,NCONTENT,NWRITER,NREG_DATE) values (48,'공지입니다2','공지내용입니다2','admin92',to_date('21/12/21','RR/MM/DD'));
Insert into CETUS.TBL_NOTICE (NNO,NTITLE,NCONTENT,NWRITER,NREG_DATE) values (49,'공지 테스트 44','공지 테스트 44','admin_test4444',to_date('21/12/21','RR/MM/DD'));
Insert into CETUS.TBL_NOTICE (NNO,NTITLE,NCONTENT,NWRITER,NREG_DATE) values (50,'공지테스트6','공지테스트6','admin90',to_date('21/12/21','RR/MM/DD'));
Insert into CETUS.TBL_NOTICE (NNO,NTITLE,NCONTENT,NWRITER,NREG_DATE) values (51,'공지 테스트333','공지 테스트333 입니다.','admin_test3',to_date('21/12/21','RR/MM/DD'));
Insert into CETUS.TBL_NOTICE (NNO,NTITLE,NCONTENT,NWRITER,NREG_DATE) values (52,'공지테스트7','공지테스트7','admin90',to_date('21/12/21','RR/MM/DD'));
Insert into CETUS.TBL_NOTICE (NNO,NTITLE,NCONTENT,NWRITER,NREG_DATE) values (53,'공지 테스트 66','공지 테스트 66','admin_test66',to_date('21/12/21','RR/MM/DD'));
Insert into CETUS.TBL_NOTICE (NNO,NTITLE,NCONTENT,NWRITER,NREG_DATE) values (54,'공지 테스트 4','dfghj','admin_test4',to_date('21/12/21','RR/MM/DD'));
Insert into CETUS.TBL_NOTICE (NNO,NTITLE,NCONTENT,NWRITER,NREG_DATE) values (55,'공지테스트9','공지테스트9','admin90',to_date('21/12/21','RR/MM/DD'));
Insert into CETUS.TBL_NOTICE (NNO,NTITLE,NCONTENT,NWRITER,NREG_DATE) values (56,'공지테스트10','공지테스트10','공지테스트10',to_date('21/12/21','RR/MM/DD'));
Insert into CETUS.TBL_NOTICE (NNO,NTITLE,NCONTENT,NWRITER,NREG_DATE) values (57,'공지테스트11','공지테스트11','admin90',to_date('21/12/21','RR/MM/DD'));
Insert into CETUS.TBL_NOTICE (NNO,NTITLE,NCONTENT,NWRITER,NREG_DATE) values (58,'공지입니다 입니다.','공지내용입니다 입니다.','admin90',to_date('21/12/21','RR/MM/DD'));
Insert into CETUS.TBL_NOTICE (NNO,NTITLE,NCONTENT,NWRITER,NREG_DATE) values (59,'공지입니다2','공지내용입니다2','admin92',to_date('21/12/21','RR/MM/DD'));
Insert into CETUS.TBL_NOTICE (NNO,NTITLE,NCONTENT,NWRITER,NREG_DATE) values (60,'공지 테스트 44','공지 테스트 44','admin_test4444',to_date('21/12/21','RR/MM/DD'));
Insert into CETUS.TBL_NOTICE (NNO,NTITLE,NCONTENT,NWRITER,NREG_DATE) values (61,'공지테스트6','공지테스트6','admin90',to_date('21/12/21','RR/MM/DD'));
Insert into CETUS.TBL_NOTICE (NNO,NTITLE,NCONTENT,NWRITER,NREG_DATE) values (62,'공지 테스트333','공지 테스트333 입니다.','admin_test3',to_date('21/12/21','RR/MM/DD'));
Insert into CETUS.TBL_NOTICE (NNO,NTITLE,NCONTENT,NWRITER,NREG_DATE) values (63,'공지테스트7','공지테스트7','admin90',to_date('21/12/21','RR/MM/DD'));
Insert into CETUS.TBL_NOTICE (NNO,NTITLE,NCONTENT,NWRITER,NREG_DATE) values (64,'공지 테스트 66','공지 테스트 66','admin_test66',to_date('21/12/21','RR/MM/DD'));
Insert into CETUS.TBL_NOTICE (NNO,NTITLE,NCONTENT,NWRITER,NREG_DATE) values (65,'공지 테스트 4','dfghj','admin_test4',to_date('21/12/21','RR/MM/DD'));
Insert into CETUS.TBL_NOTICE (NNO,NTITLE,NCONTENT,NWRITER,NREG_DATE) values (66,'공지테스트9','공지테스트9','admin90',to_date('21/12/21','RR/MM/DD'));
Insert into CETUS.TBL_NOTICE (NNO,NTITLE,NCONTENT,NWRITER,NREG_DATE) values (67,'공지테스트10','공지테스트10','공지테스트10',to_date('21/12/21','RR/MM/DD'));
Insert into CETUS.TBL_NOTICE (NNO,NTITLE,NCONTENT,NWRITER,NREG_DATE) values (68,'공지테스트11','공지테스트11','admin90',to_date('21/12/21','RR/MM/DD'));
Insert into CETUS.TBL_NOTICE (NNO,NTITLE,NCONTENT,NWRITER,NREG_DATE) values (69,'공지입니다 입니다.','공지내용입니다 입니다.','admin90',to_date('21/12/21','RR/MM/DD'));
Insert into CETUS.TBL_NOTICE (NNO,NTITLE,NCONTENT,NWRITER,NREG_DATE) values (70,'공지입니다2','공지내용입니다2','admin92',to_date('21/12/21','RR/MM/DD'));
Insert into CETUS.TBL_NOTICE (NNO,NTITLE,NCONTENT,NWRITER,NREG_DATE) values (71,'공지 테스트 44','공지 테스트 44','admin_test4444',to_date('21/12/21','RR/MM/DD'));
Insert into CETUS.TBL_NOTICE (NNO,NTITLE,NCONTENT,NWRITER,NREG_DATE) values (72,'공지테스트6','공지테스트6','admin90',to_date('21/12/21','RR/MM/DD'));
Insert into CETUS.TBL_NOTICE (NNO,NTITLE,NCONTENT,NWRITER,NREG_DATE) values (73,'공지 테스트333','공지 테스트333 입니다.','admin_test3',to_date('21/12/21','RR/MM/DD'));
Insert into CETUS.TBL_NOTICE (NNO,NTITLE,NCONTENT,NWRITER,NREG_DATE) values (74,'공지테스트7','공지테스트7','admin90',to_date('21/12/21','RR/MM/DD'));
Insert into CETUS.TBL_NOTICE (NNO,NTITLE,NCONTENT,NWRITER,NREG_DATE) values (75,'공지 테스트 66','공지 테스트 66','admin_test66',to_date('21/12/21','RR/MM/DD'));
Insert into CETUS.TBL_NOTICE (NNO,NTITLE,NCONTENT,NWRITER,NREG_DATE) values (76,'공지 테스트 4','555','admin_test4',to_date('21/12/21','RR/MM/DD'));
Insert into CETUS.TBL_NOTICE (NNO,NTITLE,NCONTENT,NWRITER,NREG_DATE) values (77,'공지테스트9','공지테스트9','admin90',to_date('21/12/21','RR/MM/DD'));
Insert into CETUS.TBL_NOTICE (NNO,NTITLE,NCONTENT,NWRITER,NREG_DATE) values (78,'공지테스트10','공지테스트10','공지테스트10',to_date('21/12/21','RR/MM/DD'));
Insert into CETUS.TBL_NOTICE (NNO,NTITLE,NCONTENT,NWRITER,NREG_DATE) values (79,'공지테스트11','공지테스트11','admin90',to_date('21/12/21','RR/MM/DD'));
Insert into CETUS.TBL_NOTICE (NNO,NTITLE,NCONTENT,NWRITER,NREG_DATE) values (80,'공지입니다 입니다.','공지내용입니다 입니다.','admin90',to_date('21/12/21','RR/MM/DD'));
Insert into CETUS.TBL_NOTICE (NNO,NTITLE,NCONTENT,NWRITER,NREG_DATE) values (81,'공지입니다2','공지내용입니다2','admin92',to_date('21/12/21','RR/MM/DD'));
Insert into CETUS.TBL_NOTICE (NNO,NTITLE,NCONTENT,NWRITER,NREG_DATE) values (82,'공지 테스트 44','공지 테스트 44','admin_test4444',to_date('21/12/21','RR/MM/DD'));
Insert into CETUS.TBL_NOTICE (NNO,NTITLE,NCONTENT,NWRITER,NREG_DATE) values (83,'공지테스트6','공지테스트6','admin90',to_date('21/12/21','RR/MM/DD'));
Insert into CETUS.TBL_NOTICE (NNO,NTITLE,NCONTENT,NWRITER,NREG_DATE) values (84,'공지 테스트333','공지 테스트333 입니다.','admin_test3',to_date('21/12/21','RR/MM/DD'));
Insert into CETUS.TBL_NOTICE (NNO,NTITLE,NCONTENT,NWRITER,NREG_DATE) values (85,'공지테스트7','공지테스트7','admin90',to_date('21/12/21','RR/MM/DD'));
Insert into CETUS.TBL_NOTICE (NNO,NTITLE,NCONTENT,NWRITER,NREG_DATE) values (86,'공지 테스트 66','공지 테스트 66','admin_test66',to_date('21/12/21','RR/MM/DD'));
Insert into CETUS.TBL_NOTICE (NNO,NTITLE,NCONTENT,NWRITER,NREG_DATE) values (87,'공지 테스트 4','dfghj','admin_test4',to_date('21/12/21','RR/MM/DD'));
Insert into CETUS.TBL_NOTICE (NNO,NTITLE,NCONTENT,NWRITER,NREG_DATE) values (88,'공지테스트9','공지테스트9','admin90',to_date('21/12/21','RR/MM/DD'));
Insert into CETUS.TBL_NOTICE (NNO,NTITLE,NCONTENT,NWRITER,NREG_DATE) values (89,'공지테스트10','공지테스트10','공지테스트10',to_date('21/12/21','RR/MM/DD'));
Insert into CETUS.TBL_NOTICE (NNO,NTITLE,NCONTENT,NWRITER,NREG_DATE) values (90,'공지테스트11','공지테스트11','admin90',to_date('21/12/21','RR/MM/DD'));
Insert into CETUS.TBL_NOTICE (NNO,NTITLE,NCONTENT,NWRITER,NREG_DATE) values (91,'공지입니다 입니다.','공지내용입니다 입니다.','admin90',to_date('21/12/21','RR/MM/DD'));
Insert into CETUS.TBL_NOTICE (NNO,NTITLE,NCONTENT,NWRITER,NREG_DATE) values (92,'공지입니다2','공지내용입니다2','admin92',to_date('21/12/21','RR/MM/DD'));
Insert into CETUS.TBL_NOTICE (NNO,NTITLE,NCONTENT,NWRITER,NREG_DATE) values (93,'공지 테스트 44','공지 테스트 44','admin_test4444',to_date('21/12/21','RR/MM/DD'));
Insert into CETUS.TBL_NOTICE (NNO,NTITLE,NCONTENT,NWRITER,NREG_DATE) values (94,'공지테스트6','공지테스트6','admin90',to_date('21/12/21','RR/MM/DD'));
Insert into CETUS.TBL_NOTICE (NNO,NTITLE,NCONTENT,NWRITER,NREG_DATE) values (95,'공지 테스트333','공지 테스트333 입니다.','admin_test3',to_date('21/12/21','RR/MM/DD'));
Insert into CETUS.TBL_NOTICE (NNO,NTITLE,NCONTENT,NWRITER,NREG_DATE) values (96,'공지테스트7','공지테스트7','admin90',to_date('21/12/21','RR/MM/DD'));
Insert into CETUS.TBL_NOTICE (NNO,NTITLE,NCONTENT,NWRITER,NREG_DATE) values (97,'공지 테스트 66','공지 테스트 66','admin_test66',to_date('21/12/21','RR/MM/DD'));
Insert into CETUS.TBL_NOTICE (NNO,NTITLE,NCONTENT,NWRITER,NREG_DATE) values (98,'공지 테스트 4','dfghj','admin_test4',to_date('21/12/21','RR/MM/DD'));
Insert into CETUS.TBL_NOTICE (NNO,NTITLE,NCONTENT,NWRITER,NREG_DATE) values (99,'공지테스트9','공지테스트9','admin90',to_date('21/12/21','RR/MM/DD'));
Insert into CETUS.TBL_NOTICE (NNO,NTITLE,NCONTENT,NWRITER,NREG_DATE) values (100,'공지테스트10','공지테스트10','공지테스트10',to_date('21/12/21','RR/MM/DD'));
Insert into CETUS.TBL_NOTICE (NNO,NTITLE,NCONTENT,NWRITER,NREG_DATE) values (101,'공지테스트11','공지테스트11','admin90',to_date('21/12/21','RR/MM/DD'));
Insert into CETUS.TBL_NOTICE (NNO,NTITLE,NCONTENT,NWRITER,NREG_DATE) values (102,'공지입니다 입니다.','공지내용입니다 입니다.','admin90',to_date('21/12/21','RR/MM/DD'));
Insert into CETUS.TBL_NOTICE (NNO,NTITLE,NCONTENT,NWRITER,NREG_DATE) values (103,'공지입니다2','공지내용입니다2','admin92',to_date('21/12/21','RR/MM/DD'));
Insert into CETUS.TBL_NOTICE (NNO,NTITLE,NCONTENT,NWRITER,NREG_DATE) values (104,'공지 테스트 44','공지 테스트 44','admin_test4444',to_date('21/12/21','RR/MM/DD'));
Insert into CETUS.TBL_NOTICE (NNO,NTITLE,NCONTENT,NWRITER,NREG_DATE) values (105,'공지테스트6','공지테스트6','admin90',to_date('21/12/21','RR/MM/DD'));
Insert into CETUS.TBL_NOTICE (NNO,NTITLE,NCONTENT,NWRITER,NREG_DATE) values (106,'공지 테스트333','공지 테스트333 입니다.','admin_test3',to_date('21/12/21','RR/MM/DD'));
Insert into CETUS.TBL_NOTICE (NNO,NTITLE,NCONTENT,NWRITER,NREG_DATE) values (107,'공지테스트7','공지테스트7','admin90',to_date('21/12/21','RR/MM/DD'));
Insert into CETUS.TBL_NOTICE (NNO,NTITLE,NCONTENT,NWRITER,NREG_DATE) values (108,'공지 테스트 66','공지 테스트 66','admin_test66',to_date('21/12/21','RR/MM/DD'));
Insert into CETUS.TBL_NOTICE (NNO,NTITLE,NCONTENT,NWRITER,NREG_DATE) values (109,'공지 테스트 4','dfghj','admin_test4',to_date('21/12/21','RR/MM/DD'));
Insert into CETUS.TBL_NOTICE (NNO,NTITLE,NCONTENT,NWRITER,NREG_DATE) values (110,'공지테스트9','공지테스트9','admin90',to_date('21/12/21','RR/MM/DD'));
Insert into CETUS.TBL_NOTICE (NNO,NTITLE,NCONTENT,NWRITER,NREG_DATE) values (111,'공지테스트10','공지테스트10','공지테스트10',to_date('21/12/21','RR/MM/DD'));
Insert into CETUS.TBL_NOTICE (NNO,NTITLE,NCONTENT,NWRITER,NREG_DATE) values (112,'공지테스트11','공지테스트11','admin90',to_date('21/12/21','RR/MM/DD'));
Insert into CETUS.TBL_NOTICE (NNO,NTITLE,NCONTENT,NWRITER,NREG_DATE) values (113,'공지입니다 입니다.','공지내용입니다 입니다.','admin90',to_date('21/12/21','RR/MM/DD'));
Insert into CETUS.TBL_NOTICE (NNO,NTITLE,NCONTENT,NWRITER,NREG_DATE) values (114,'공지입니다2','공지내용입니다2','admin92',to_date('21/12/21','RR/MM/DD'));
Insert into CETUS.TBL_NOTICE (NNO,NTITLE,NCONTENT,NWRITER,NREG_DATE) values (115,'공지 테스트 44','공지 테스트 44','admin_test4444',to_date('21/12/21','RR/MM/DD'));
Insert into CETUS.TBL_NOTICE (NNO,NTITLE,NCONTENT,NWRITER,NREG_DATE) values (116,'공지테스트6','공지테스트6','admin90',to_date('21/12/21','RR/MM/DD'));
Insert into CETUS.TBL_NOTICE (NNO,NTITLE,NCONTENT,NWRITER,NREG_DATE) values (117,'공지 테스트333','공지 테스트333 입니다.','admin_test3',to_date('21/12/21','RR/MM/DD'));
Insert into CETUS.TBL_NOTICE (NNO,NTITLE,NCONTENT,NWRITER,NREG_DATE) values (118,'공지테스트7','공지테스트7','admin90',to_date('21/12/21','RR/MM/DD'));
Insert into CETUS.TBL_NOTICE (NNO,NTITLE,NCONTENT,NWRITER,NREG_DATE) values (119,'공지 테스트 66','공지 테스트 66','admin_test66',to_date('21/12/21','RR/MM/DD'));
Insert into CETUS.TBL_NOTICE (NNO,NTITLE,NCONTENT,NWRITER,NREG_DATE) values (120,'공지 테스트 4','dfghj','admin_test4',to_date('21/12/21','RR/MM/DD'));
Insert into CETUS.TBL_NOTICE (NNO,NTITLE,NCONTENT,NWRITER,NREG_DATE) values (121,'공지테스트9','공지테스트9','admin90',to_date('21/12/21','RR/MM/DD'));
Insert into CETUS.TBL_NOTICE (NNO,NTITLE,NCONTENT,NWRITER,NREG_DATE) values (122,'공지테스트10','공지테스트10','공지테스트10',to_date('21/12/21','RR/MM/DD'));
Insert into CETUS.TBL_NOTICE (NNO,NTITLE,NCONTENT,NWRITER,NREG_DATE) values (123,'공지테스트11','공지테스트11','admin90',to_date('21/12/21','RR/MM/DD'));
Insert into CETUS.TBL_NOTICE (NNO,NTITLE,NCONTENT,NWRITER,NREG_DATE) values (124,'공지입니다 입니다.','공지내용입니다 입니다.','admin90',to_date('21/12/21','RR/MM/DD'));
Insert into CETUS.TBL_NOTICE (NNO,NTITLE,NCONTENT,NWRITER,NREG_DATE) values (125,'공지입니다2','공지내용입니다2','admin92',to_date('21/12/21','RR/MM/DD'));
Insert into CETUS.TBL_NOTICE (NNO,NTITLE,NCONTENT,NWRITER,NREG_DATE) values (126,'공지 테스트 44','공지 테스트 44','admin_test4444',to_date('21/12/21','RR/MM/DD'));
Insert into CETUS.TBL_NOTICE (NNO,NTITLE,NCONTENT,NWRITER,NREG_DATE) values (127,'공지테스트6','공지테스트6','admin90',to_date('21/12/21','RR/MM/DD'));
Insert into CETUS.TBL_NOTICE (NNO,NTITLE,NCONTENT,NWRITER,NREG_DATE) values (128,'공지 테스트333','공지 테스트333 입니다.','admin_test3',to_date('21/12/21','RR/MM/DD'));
Insert into CETUS.TBL_NOTICE (NNO,NTITLE,NCONTENT,NWRITER,NREG_DATE) values (129,'공지테스트7','공지테스트7','admin90',to_date('21/12/21','RR/MM/DD'));
Insert into CETUS.TBL_NOTICE (NNO,NTITLE,NCONTENT,NWRITER,NREG_DATE) values (130,'공지 테스트 66','공지 테스트 66','admin_test66',to_date('21/12/21','RR/MM/DD'));
Insert into CETUS.TBL_NOTICE (NNO,NTITLE,NCONTENT,NWRITER,NREG_DATE) values (131,'공지 테스트 4','dfghj','admin_test4',to_date('21/12/21','RR/MM/DD'));
Insert into CETUS.TBL_NOTICE (NNO,NTITLE,NCONTENT,NWRITER,NREG_DATE) values (132,'공지테스트9','공지테스트9','admin90',to_date('21/12/21','RR/MM/DD'));
Insert into CETUS.TBL_NOTICE (NNO,NTITLE,NCONTENT,NWRITER,NREG_DATE) values (133,'공지테스트10','공지테스트10','공지테스트10',to_date('21/12/21','RR/MM/DD'));
Insert into CETUS.TBL_NOTICE (NNO,NTITLE,NCONTENT,NWRITER,NREG_DATE) values (134,'공지테스트11','공지테스트11','admin90',to_date('21/12/21','RR/MM/DD'));
Insert into CETUS.TBL_NOTICE (NNO,NTITLE,NCONTENT,NWRITER,NREG_DATE) values (135,'공지입니다 입니다.','공지내용입니다 입니다.','admin90',to_date('21/12/21','RR/MM/DD'));
Insert into CETUS.TBL_NOTICE (NNO,NTITLE,NCONTENT,NWRITER,NREG_DATE) values (136,'공지입니다2','공지내용입니다2','admin92',to_date('21/12/21','RR/MM/DD'));
Insert into CETUS.TBL_NOTICE (NNO,NTITLE,NCONTENT,NWRITER,NREG_DATE) values (137,'공지 테스트 44','공지 테스트 44','admin_test4444',to_date('21/12/21','RR/MM/DD'));
Insert into CETUS.TBL_NOTICE (NNO,NTITLE,NCONTENT,NWRITER,NREG_DATE) values (138,'공지테스트6','공지테스트6','admin90',to_date('21/12/21','RR/MM/DD'));
Insert into CETUS.TBL_NOTICE (NNO,NTITLE,NCONTENT,NWRITER,NREG_DATE) values (139,'공지 테스트333','공지 테스트333 입니다.','admin_test3',to_date('21/12/21','RR/MM/DD'));
Insert into CETUS.TBL_NOTICE (NNO,NTITLE,NCONTENT,NWRITER,NREG_DATE) values (140,'공지테스트7','공지테스트7','admin90',to_date('21/12/21','RR/MM/DD'));
Insert into CETUS.TBL_NOTICE (NNO,NTITLE,NCONTENT,NWRITER,NREG_DATE) values (141,'공지 테스트 66','공지 테스트 66','admin_test66',to_date('21/12/21','RR/MM/DD'));
Insert into CETUS.TBL_NOTICE (NNO,NTITLE,NCONTENT,NWRITER,NREG_DATE) values (142,'공지 테스트 4','dfghj','admin_test4',to_date('21/12/21','RR/MM/DD'));
Insert into CETUS.TBL_NOTICE (NNO,NTITLE,NCONTENT,NWRITER,NREG_DATE) values (143,'공지테스트9','공지테스트9','admin90',to_date('21/12/21','RR/MM/DD'));
Insert into CETUS.TBL_NOTICE (NNO,NTITLE,NCONTENT,NWRITER,NREG_DATE) values (144,'공지테스트10','공지테스트10','공지테스트10',to_date('21/12/21','RR/MM/DD'));
Insert into CETUS.TBL_NOTICE (NNO,NTITLE,NCONTENT,NWRITER,NREG_DATE) values (145,'공지테스트11','공지테스트11','admin90',to_date('21/12/21','RR/MM/DD'));
Insert into CETUS.TBL_NOTICE (NNO,NTITLE,NCONTENT,NWRITER,NREG_DATE) values (146,'공지입니다 입니다.','공지내용입니다 입니다.','admin90',to_date('21/12/21','RR/MM/DD'));
Insert into CETUS.TBL_NOTICE (NNO,NTITLE,NCONTENT,NWRITER,NREG_DATE) values (147,'공지입니다2','공지내용입니다2','admin92',to_date('21/12/21','RR/MM/DD'));
Insert into CETUS.TBL_NOTICE (NNO,NTITLE,NCONTENT,NWRITER,NREG_DATE) values (148,'공지 테스트 44','공지 테스트 44','admin_test4444',to_date('21/12/21','RR/MM/DD'));
Insert into CETUS.TBL_NOTICE (NNO,NTITLE,NCONTENT,NWRITER,NREG_DATE) values (149,'공지테스트6','공지테스트6','admin90',to_date('21/12/21','RR/MM/DD'));
Insert into CETUS.TBL_NOTICE (NNO,NTITLE,NCONTENT,NWRITER,NREG_DATE) values (150,'공지 테스트333','공지 테스트333 입니다.','admin_test3',to_date('21/12/21','RR/MM/DD'));
Insert into CETUS.TBL_NOTICE (NNO,NTITLE,NCONTENT,NWRITER,NREG_DATE) values (151,'공지테스트7','공지테스트7','admin90',to_date('21/12/21','RR/MM/DD'));
Insert into CETUS.TBL_NOTICE (NNO,NTITLE,NCONTENT,NWRITER,NREG_DATE) values (152,'공지 테스트 66','공지 테스트 66','admin_test66',to_date('21/12/21','RR/MM/DD'));
Insert into CETUS.TBL_NOTICE (NNO,NTITLE,NCONTENT,NWRITER,NREG_DATE) values (153,'공지 테스트 4','dfghj','admin_test4',to_date('21/12/21','RR/MM/DD'));
Insert into CETUS.TBL_NOTICE (NNO,NTITLE,NCONTENT,NWRITER,NREG_DATE) values (154,'공지테스트9','공지테스트9','admin90',to_date('21/12/21','RR/MM/DD'));
Insert into CETUS.TBL_NOTICE (NNO,NTITLE,NCONTENT,NWRITER,NREG_DATE) values (155,'공지테스트10','공지테스트10','공지테스트10',to_date('21/12/21','RR/MM/DD'));
Insert into CETUS.TBL_NOTICE (NNO,NTITLE,NCONTENT,NWRITER,NREG_DATE) values (156,'공지테스트11','공지테스트11','admin90',to_date('21/12/21','RR/MM/DD'));
Insert into CETUS.TBL_NOTICE (NNO,NTITLE,NCONTENT,NWRITER,NREG_DATE) values (157,'공지입니다 입니다.','공지내용입니다 입니다.','admin90',to_date('21/12/21','RR/MM/DD'));
Insert into CETUS.TBL_NOTICE (NNO,NTITLE,NCONTENT,NWRITER,NREG_DATE) values (158,'공지입니다2','공지내용입니다2','admin92',to_date('21/12/21','RR/MM/DD'));
Insert into CETUS.TBL_NOTICE (NNO,NTITLE,NCONTENT,NWRITER,NREG_DATE) values (159,'공지 테스트 44','공지 테스트 44','admin_test4444',to_date('21/12/21','RR/MM/DD'));
Insert into CETUS.TBL_NOTICE (NNO,NTITLE,NCONTENT,NWRITER,NREG_DATE) values (160,'공지테스트6','공지테스트6','admin90',to_date('21/12/21','RR/MM/DD'));
Insert into CETUS.TBL_NOTICE (NNO,NTITLE,NCONTENT,NWRITER,NREG_DATE) values (161,'공지 테스트333','공지 테스트333 입니다.','admin_test3',to_date('21/12/21','RR/MM/DD'));
Insert into CETUS.TBL_NOTICE (NNO,NTITLE,NCONTENT,NWRITER,NREG_DATE) values (162,'공지테스트7','공지테스트7','admin90',to_date('21/12/21','RR/MM/DD'));
Insert into CETUS.TBL_NOTICE (NNO,NTITLE,NCONTENT,NWRITER,NREG_DATE) values (163,'공지 테스트 66','공지 테스트 66','admin_test66',to_date('21/12/21','RR/MM/DD'));
Insert into CETUS.TBL_NOTICE (NNO,NTITLE,NCONTENT,NWRITER,NREG_DATE) values (164,'공지 테스트 4','dfghj','admin_test4',to_date('21/12/21','RR/MM/DD'));
Insert into CETUS.TBL_NOTICE (NNO,NTITLE,NCONTENT,NWRITER,NREG_DATE) values (165,'공지테스트9','공지테스트9','admin90',to_date('21/12/21','RR/MM/DD'));
Insert into CETUS.TBL_NOTICE (NNO,NTITLE,NCONTENT,NWRITER,NREG_DATE) values (166,'공지테스트10','공지테스트10','공지테스트10',to_date('21/12/21','RR/MM/DD'));
Insert into CETUS.TBL_NOTICE (NNO,NTITLE,NCONTENT,NWRITER,NREG_DATE) values (167,'공지테스트11','공지테스트11','admin90',to_date('21/12/21','RR/MM/DD'));
Insert into CETUS.TBL_NOTICE (NNO,NTITLE,NCONTENT,NWRITER,NREG_DATE) values (168,'공지입니다 입니다.','공지내용입니다 입니다.','admin90',to_date('21/12/21','RR/MM/DD'));
Insert into CETUS.TBL_NOTICE (NNO,NTITLE,NCONTENT,NWRITER,NREG_DATE) values (169,'공지입니다2','공지내용입니다2','admin92',to_date('21/12/21','RR/MM/DD'));
Insert into CETUS.TBL_NOTICE (NNO,NTITLE,NCONTENT,NWRITER,NREG_DATE) values (170,'공지 테스트 44','공지 테스트 44','admin_test4444',to_date('21/12/21','RR/MM/DD'));
Insert into CETUS.TBL_NOTICE (NNO,NTITLE,NCONTENT,NWRITER,NREG_DATE) values (171,'공지테스트6','공지테스트6','admin90',to_date('21/12/21','RR/MM/DD'));
Insert into CETUS.TBL_NOTICE (NNO,NTITLE,NCONTENT,NWRITER,NREG_DATE) values (172,'공지 테스트333','공지 테스트333 입니다.','admin_test3',to_date('21/12/21','RR/MM/DD'));
Insert into CETUS.TBL_NOTICE (NNO,NTITLE,NCONTENT,NWRITER,NREG_DATE) values (173,'공지테스트7','공지테스트7','admin90',to_date('21/12/21','RR/MM/DD'));
Insert into CETUS.TBL_NOTICE (NNO,NTITLE,NCONTENT,NWRITER,NREG_DATE) values (174,'공지 테스트 66','공지 테스트 66','admin_test66',to_date('21/12/21','RR/MM/DD'));
Insert into CETUS.TBL_NOTICE (NNO,NTITLE,NCONTENT,NWRITER,NREG_DATE) values (175,'공지 테스트 4','dfghj','admin_test4',to_date('21/12/21','RR/MM/DD'));
Insert into CETUS.TBL_NOTICE (NNO,NTITLE,NCONTENT,NWRITER,NREG_DATE) values (176,'공지테스트9','공지테스트9','admin90',to_date('21/12/21','RR/MM/DD'));
Insert into CETUS.TBL_NOTICE (NNO,NTITLE,NCONTENT,NWRITER,NREG_DATE) values (177,'공지테스트10','공지테스트10','공지테스트10',to_date('21/12/21','RR/MM/DD'));
Insert into CETUS.TBL_NOTICE (NNO,NTITLE,NCONTENT,NWRITER,NREG_DATE) values (178,'공지테스트11','공지테스트11','admin90',to_date('21/12/21','RR/MM/DD'));
Insert into CETUS.TBL_NOTICE (NNO,NTITLE,NCONTENT,NWRITER,NREG_DATE) values (179,'공지입니다 입니다.','공지내용입니다 입니다.','admin90',to_date('21/12/21','RR/MM/DD'));
Insert into CETUS.TBL_NOTICE (NNO,NTITLE,NCONTENT,NWRITER,NREG_DATE) values (180,'공지입니다2','공지내용입니다2','admin92',to_date('21/12/21','RR/MM/DD'));
Insert into CETUS.TBL_NOTICE (NNO,NTITLE,NCONTENT,NWRITER,NREG_DATE) values (181,'공지 테스트 44','공지 테스트 44','admin_test4444',to_date('21/12/21','RR/MM/DD'));
Insert into CETUS.TBL_NOTICE (NNO,NTITLE,NCONTENT,NWRITER,NREG_DATE) values (182,'공지테스트6','공지테스트6','admin90',to_date('21/12/21','RR/MM/DD'));
Insert into CETUS.TBL_NOTICE (NNO,NTITLE,NCONTENT,NWRITER,NREG_DATE) values (183,'공지 테스트333','공지 테스트333 입니다.','admin_test3',to_date('21/12/21','RR/MM/DD'));
Insert into CETUS.TBL_NOTICE (NNO,NTITLE,NCONTENT,NWRITER,NREG_DATE) values (184,'공지테스트7','공지테스트7','admin90',to_date('21/12/21','RR/MM/DD'));
Insert into CETUS.TBL_NOTICE (NNO,NTITLE,NCONTENT,NWRITER,NREG_DATE) values (185,'공지 테스트 66','공지 테스트 66','admin_test66',to_date('21/12/21','RR/MM/DD'));
Insert into CETUS.TBL_NOTICE (NNO,NTITLE,NCONTENT,NWRITER,NREG_DATE) values (186,'공지 테스트 4','dfghj','admin_test4',to_date('21/12/21','RR/MM/DD'));
Insert into CETUS.TBL_NOTICE (NNO,NTITLE,NCONTENT,NWRITER,NREG_DATE) values (187,'공지테스트9','공지테스트9','admin90',to_date('21/12/21','RR/MM/DD'));
Insert into CETUS.TBL_NOTICE (NNO,NTITLE,NCONTENT,NWRITER,NREG_DATE) values (188,'공지테스트10','공지테스트10','공지테스트10',to_date('21/12/21','RR/MM/DD'));
Insert into CETUS.TBL_NOTICE (NNO,NTITLE,NCONTENT,NWRITER,NREG_DATE) values (189,'공지테스트11','공지테스트11','admin90',to_date('21/12/21','RR/MM/DD'));
Insert into CETUS.TBL_NOTICE (NNO,NTITLE,NCONTENT,NWRITER,NREG_DATE) values (190,'공지입니다 입니다.','공지내용입니다 입니다.','admin90',to_date('21/12/21','RR/MM/DD'));
Insert into CETUS.TBL_NOTICE (NNO,NTITLE,NCONTENT,NWRITER,NREG_DATE) values (191,'공지입니다2','공지내용입니다2','admin92',to_date('21/12/21','RR/MM/DD'));
Insert into CETUS.TBL_NOTICE (NNO,NTITLE,NCONTENT,NWRITER,NREG_DATE) values (192,'공지 테스트 44','공지 테스트 44','admin_test4444',to_date('21/12/21','RR/MM/DD'));
Insert into CETUS.TBL_NOTICE (NNO,NTITLE,NCONTENT,NWRITER,NREG_DATE) values (193,'공지테스트6','공지테스트6','admin90',to_date('21/12/21','RR/MM/DD'));
Insert into CETUS.TBL_NOTICE (NNO,NTITLE,NCONTENT,NWRITER,NREG_DATE) values (194,'공지 테스트333','공지 테스트333 입니다.','admin_test3',to_date('21/12/21','RR/MM/DD'));
Insert into CETUS.TBL_NOTICE (NNO,NTITLE,NCONTENT,NWRITER,NREG_DATE) values (195,'공지테스트7','공지테스트7','admin90',to_date('21/12/21','RR/MM/DD'));
Insert into CETUS.TBL_NOTICE (NNO,NTITLE,NCONTENT,NWRITER,NREG_DATE) values (196,'공지 테스트 66','공지 테스트 66','admin_test66',to_date('21/12/21','RR/MM/DD'));
Insert into CETUS.TBL_NOTICE (NNO,NTITLE,NCONTENT,NWRITER,NREG_DATE) values (197,'공지 테스트 4','dfghj','admin_test4',to_date('21/12/21','RR/MM/DD'));
Insert into CETUS.TBL_NOTICE (NNO,NTITLE,NCONTENT,NWRITER,NREG_DATE) values (198,'공지테스트9','공지테스트9','admin90',to_date('21/12/21','RR/MM/DD'));
Insert into CETUS.TBL_NOTICE (NNO,NTITLE,NCONTENT,NWRITER,NREG_DATE) values (199,'공지테스트10','공지테스트10','공지테스트10',to_date('21/12/21','RR/MM/DD'));
Insert into CETUS.TBL_NOTICE (NNO,NTITLE,NCONTENT,NWRITER,NREG_DATE) values (200,'공지테스트11','공지테스트11','admin90',to_date('21/12/21','RR/MM/DD'));
Insert into CETUS.TBL_NOTICE (NNO,NTITLE,NCONTENT,NWRITER,NREG_DATE) values (201,'공지입니다 입니다.','공지내용입니다 입니다.','admin90',to_date('21/12/21','RR/MM/DD'));
Insert into CETUS.TBL_NOTICE (NNO,NTITLE,NCONTENT,NWRITER,NREG_DATE) values (202,'공지입니다2','공지내용입니다2','admin92',to_date('21/12/21','RR/MM/DD'));
Insert into CETUS.TBL_NOTICE (NNO,NTITLE,NCONTENT,NWRITER,NREG_DATE) values (203,'공지 테스트 44','공지 테스트 44','admin_test4444',to_date('21/12/21','RR/MM/DD'));
Insert into CETUS.TBL_NOTICE (NNO,NTITLE,NCONTENT,NWRITER,NREG_DATE) values (204,'공지테스트6','공지테스트6','admin90',to_date('21/12/21','RR/MM/DD'));
Insert into CETUS.TBL_NOTICE (NNO,NTITLE,NCONTENT,NWRITER,NREG_DATE) values (205,'공지 테스트333','공지 테스트333 입니다.','admin_test3',to_date('21/12/21','RR/MM/DD'));
Insert into CETUS.TBL_NOTICE (NNO,NTITLE,NCONTENT,NWRITER,NREG_DATE) values (206,'공지테스트7','공지테스트7','admin90',to_date('21/12/21','RR/MM/DD'));
Insert into CETUS.TBL_NOTICE (NNO,NTITLE,NCONTENT,NWRITER,NREG_DATE) values (207,'공지 테스트 66','공지 테스트 66','admin_test66',to_date('21/12/21','RR/MM/DD'));
Insert into CETUS.TBL_NOTICE (NNO,NTITLE,NCONTENT,NWRITER,NREG_DATE) values (208,'공지 테스트 4','dfghj','admin_test4',to_date('21/12/21','RR/MM/DD'));
Insert into CETUS.TBL_NOTICE (NNO,NTITLE,NCONTENT,NWRITER,NREG_DATE) values (209,'공지테스트9','공지테스트9','admin90',to_date('21/12/21','RR/MM/DD'));
Insert into CETUS.TBL_NOTICE (NNO,NTITLE,NCONTENT,NWRITER,NREG_DATE) values (210,'공지테스트10','공지테스트10','공지테스트10',to_date('21/12/21','RR/MM/DD'));
Insert into CETUS.TBL_NOTICE (NNO,NTITLE,NCONTENT,NWRITER,NREG_DATE) values (211,'공지테스트11','공지테스트11','admin90',to_date('21/12/21','RR/MM/DD'));
Insert into CETUS.TBL_NOTICE (NNO,NTITLE,NCONTENT,NWRITER,NREG_DATE) values (212,'공지입니다 입니다.','공지내용입니다 입니다.','admin90',to_date('21/12/21','RR/MM/DD'));
Insert into CETUS.TBL_NOTICE (NNO,NTITLE,NCONTENT,NWRITER,NREG_DATE) values (213,'공지입니다2','공지내용입니다2','admin92',to_date('21/12/21','RR/MM/DD'));
Insert into CETUS.TBL_NOTICE (NNO,NTITLE,NCONTENT,NWRITER,NREG_DATE) values (214,'공지 테스트 44','공지 테스트 44','admin_test4444',to_date('21/12/21','RR/MM/DD'));
Insert into CETUS.TBL_NOTICE (NNO,NTITLE,NCONTENT,NWRITER,NREG_DATE) values (215,'공지테스트6','공지테스트6','admin90',to_date('21/12/21','RR/MM/DD'));
Insert into CETUS.TBL_NOTICE (NNO,NTITLE,NCONTENT,NWRITER,NREG_DATE) values (216,'공지 테스트333','공지 테스트333 입니다.','admin_test3',to_date('21/12/21','RR/MM/DD'));
Insert into CETUS.TBL_NOTICE (NNO,NTITLE,NCONTENT,NWRITER,NREG_DATE) values (217,'공지테스트7','공지테스트7','admin90',to_date('21/12/21','RR/MM/DD'));
Insert into CETUS.TBL_NOTICE (NNO,NTITLE,NCONTENT,NWRITER,NREG_DATE) values (218,'공지 테스트 66','공지 테스트 66','admin_test66',to_date('21/12/21','RR/MM/DD'));
Insert into CETUS.TBL_NOTICE (NNO,NTITLE,NCONTENT,NWRITER,NREG_DATE) values (219,'공지 테스트 4','dfghj','admin_test4',to_date('21/12/21','RR/MM/DD'));
Insert into CETUS.TBL_NOTICE (NNO,NTITLE,NCONTENT,NWRITER,NREG_DATE) values (220,'공지테스트9','공지테스트9','admin90',to_date('21/12/21','RR/MM/DD'));
Insert into CETUS.TBL_NOTICE (NNO,NTITLE,NCONTENT,NWRITER,NREG_DATE) values (221,'공지테스트10','공지테스트10','공지테스트10',to_date('21/12/21','RR/MM/DD'));
Insert into CETUS.TBL_NOTICE (NNO,NTITLE,NCONTENT,NWRITER,NREG_DATE) values (222,'공지테스트11','공지테스트11','admin90',to_date('21/12/21','RR/MM/DD'));
Insert into CETUS.TBL_NOTICE (NNO,NTITLE,NCONTENT,NWRITER,NREG_DATE) values (223,'공지입니다 입니다.','공지내용입니다 입니다.','admin90',to_date('21/12/21','RR/MM/DD'));
Insert into CETUS.TBL_NOTICE (NNO,NTITLE,NCONTENT,NWRITER,NREG_DATE) values (224,'공지입니다2','공지내용입니다2','admin92',to_date('21/12/21','RR/MM/DD'));
Insert into CETUS.TBL_NOTICE (NNO,NTITLE,NCONTENT,NWRITER,NREG_DATE) values (225,'공지 테스트 44','공지 테스트 44','admin_test4444',to_date('21/12/21','RR/MM/DD'));
Insert into CETUS.TBL_NOTICE (NNO,NTITLE,NCONTENT,NWRITER,NREG_DATE) values (226,'공지테스트6','공지테스트6','admin90',to_date('21/12/21','RR/MM/DD'));
Insert into CETUS.TBL_NOTICE (NNO,NTITLE,NCONTENT,NWRITER,NREG_DATE) values (227,'공지 테스트333','공지 테스트333 입니다.','admin_test3',to_date('21/12/21','RR/MM/DD'));
Insert into CETUS.TBL_NOTICE (NNO,NTITLE,NCONTENT,NWRITER,NREG_DATE) values (228,'공지테스트7','공지테스트7','admin90',to_date('21/12/21','RR/MM/DD'));
Insert into CETUS.TBL_NOTICE (NNO,NTITLE,NCONTENT,NWRITER,NREG_DATE) values (229,'공지 테스트 66','공지 테스트 66','admin_test66',to_date('21/12/21','RR/MM/DD'));
Insert into CETUS.TBL_NOTICE (NNO,NTITLE,NCONTENT,NWRITER,NREG_DATE) values (230,'공지 테스트 4','dfghj','admin_test4',to_date('21/12/21','RR/MM/DD'));
Insert into CETUS.TBL_NOTICE (NNO,NTITLE,NCONTENT,NWRITER,NREG_DATE) values (231,'공지테스트9','공지테스트9','admin90',to_date('21/12/21','RR/MM/DD'));
Insert into CETUS.TBL_NOTICE (NNO,NTITLE,NCONTENT,NWRITER,NREG_DATE) values (232,'공지테스트10','공지테스트10','공지테스트10',to_date('21/12/21','RR/MM/DD'));
Insert into CETUS.TBL_NOTICE (NNO,NTITLE,NCONTENT,NWRITER,NREG_DATE) values (233,'공지테스트11','공지테스트11','admin90',to_date('21/12/21','RR/MM/DD'));
Insert into CETUS.TBL_NOTICE (NNO,NTITLE,NCONTENT,NWRITER,NREG_DATE) values (234,'공지입니다 입니다.','공지내용입니다 입니다.','admin90',to_date('21/12/21','RR/MM/DD'));
Insert into CETUS.TBL_NOTICE (NNO,NTITLE,NCONTENT,NWRITER,NREG_DATE) values (235,'공지입니다2','공지내용입니다2','admin92',to_date('21/12/21','RR/MM/DD'));
Insert into CETUS.TBL_NOTICE (NNO,NTITLE,NCONTENT,NWRITER,NREG_DATE) values (236,'공지 테스트 44','공지 테스트 44','admin_test4444',to_date('21/12/21','RR/MM/DD'));
Insert into CETUS.TBL_NOTICE (NNO,NTITLE,NCONTENT,NWRITER,NREG_DATE) values (237,'공지테스트6','공지테스트6','admin90',to_date('21/12/21','RR/MM/DD'));
Insert into CETUS.TBL_NOTICE (NNO,NTITLE,NCONTENT,NWRITER,NREG_DATE) values (238,'공지 테스트333','공지 테스트333 입니다.','admin_test3',to_date('21/12/21','RR/MM/DD'));
Insert into CETUS.TBL_NOTICE (NNO,NTITLE,NCONTENT,NWRITER,NREG_DATE) values (239,'공지테스트7','공지테스트7','admin90',to_date('21/12/21','RR/MM/DD'));
Insert into CETUS.TBL_NOTICE (NNO,NTITLE,NCONTENT,NWRITER,NREG_DATE) values (240,'공지 테스트 66','공지 테스트 66','admin_test66',to_date('21/12/21','RR/MM/DD'));
Insert into CETUS.TBL_NOTICE (NNO,NTITLE,NCONTENT,NWRITER,NREG_DATE) values (241,'공지 테스트 4','dfghj','admin_test4',to_date('21/12/21','RR/MM/DD'));
Insert into CETUS.TBL_NOTICE (NNO,NTITLE,NCONTENT,NWRITER,NREG_DATE) values (242,'공지테스트9','공지테스트9','admin90',to_date('21/12/21','RR/MM/DD'));
Insert into CETUS.TBL_NOTICE (NNO,NTITLE,NCONTENT,NWRITER,NREG_DATE) values (243,'공지테스트10','공지테스트10','공지테스트10',to_date('21/12/21','RR/MM/DD'));
Insert into CETUS.TBL_NOTICE (NNO,NTITLE,NCONTENT,NWRITER,NREG_DATE) values (244,'공지테스트11','공지테스트11','admin90',to_date('21/12/21','RR/MM/DD'));
Insert into CETUS.TBL_NOTICE (NNO,NTITLE,NCONTENT,NWRITER,NREG_DATE) values (245,'공지입니다 입니다.','공지내용입니다 입니다.','admin90',to_date('21/12/21','RR/MM/DD'));
Insert into CETUS.TBL_NOTICE (NNO,NTITLE,NCONTENT,NWRITER,NREG_DATE) values (246,'공지입니다2','공지내용입니다2','admin92',to_date('21/12/21','RR/MM/DD'));
Insert into CETUS.TBL_NOTICE (NNO,NTITLE,NCONTENT,NWRITER,NREG_DATE) values (247,'공지 테스트 44','공지 테스트 44','admin_test4444',to_date('21/12/21','RR/MM/DD'));
Insert into CETUS.TBL_NOTICE (NNO,NTITLE,NCONTENT,NWRITER,NREG_DATE) values (248,'공지테스트6','공지테스트6','admin90',to_date('21/12/21','RR/MM/DD'));
Insert into CETUS.TBL_NOTICE (NNO,NTITLE,NCONTENT,NWRITER,NREG_DATE) values (249,'공지 테스트333','공지 테스트333 입니다.','admin_test3',to_date('21/12/21','RR/MM/DD'));
Insert into CETUS.TBL_NOTICE (NNO,NTITLE,NCONTENT,NWRITER,NREG_DATE) values (250,'공지테스트7','공지테스트7','admin90',to_date('21/12/21','RR/MM/DD'));
Insert into CETUS.TBL_NOTICE (NNO,NTITLE,NCONTENT,NWRITER,NREG_DATE) values (251,'공지 테스트 66','공지 테스트 66','admin_test66',to_date('21/12/21','RR/MM/DD'));
Insert into CETUS.TBL_NOTICE (NNO,NTITLE,NCONTENT,NWRITER,NREG_DATE) values (252,'공지 테스트 4','dfghj','admin_test4',to_date('21/12/21','RR/MM/DD'));
Insert into CETUS.TBL_NOTICE (NNO,NTITLE,NCONTENT,NWRITER,NREG_DATE) values (253,'공지테스트9','공지테스트9','admin90',to_date('21/12/21','RR/MM/DD'));
Insert into CETUS.TBL_NOTICE (NNO,NTITLE,NCONTENT,NWRITER,NREG_DATE) values (254,'공지테스트10','공지테스트10','공지테스트10',to_date('21/12/21','RR/MM/DD'));
Insert into CETUS.TBL_NOTICE (NNO,NTITLE,NCONTENT,NWRITER,NREG_DATE) values (255,'공지테스트11','공지테스트11','admin90',to_date('21/12/21','RR/MM/DD'));
Insert into CETUS.TBL_NOTICE (NNO,NTITLE,NCONTENT,NWRITER,NREG_DATE) values (256,'공지입니다 입니다.','공지내용입니다 입니다.','admin90',to_date('21/12/21','RR/MM/DD'));
Insert into CETUS.TBL_NOTICE (NNO,NTITLE,NCONTENT,NWRITER,NREG_DATE) values (257,'공지입니다2','공지내용입니다2','admin92',to_date('21/12/21','RR/MM/DD'));
Insert into CETUS.TBL_NOTICE (NNO,NTITLE,NCONTENT,NWRITER,NREG_DATE) values (258,'공지 테스트 44','공지 테스트 44','admin_test4444',to_date('21/12/21','RR/MM/DD'));
Insert into CETUS.TBL_NOTICE (NNO,NTITLE,NCONTENT,NWRITER,NREG_DATE) values (259,'공지테스트6','공지테스트6','admin90',to_date('21/12/21','RR/MM/DD'));
Insert into CETUS.TBL_NOTICE (NNO,NTITLE,NCONTENT,NWRITER,NREG_DATE) values (260,'공지 테스트333','공지 테스트333 입니다.','admin_test3',to_date('21/12/21','RR/MM/DD'));
Insert into CETUS.TBL_NOTICE (NNO,NTITLE,NCONTENT,NWRITER,NREG_DATE) values (261,'공지테스트7','공지테스트7','admin90',to_date('21/12/21','RR/MM/DD'));
Insert into CETUS.TBL_NOTICE (NNO,NTITLE,NCONTENT,NWRITER,NREG_DATE) values (262,'공지 테스트 66','공지 테스트 66','admin_test66',to_date('21/12/21','RR/MM/DD'));
Insert into CETUS.TBL_NOTICE (NNO,NTITLE,NCONTENT,NWRITER,NREG_DATE) values (263,'공지 테스트 4','dfghj','admin_test4',to_date('21/12/21','RR/MM/DD'));
Insert into CETUS.TBL_NOTICE (NNO,NTITLE,NCONTENT,NWRITER,NREG_DATE) values (264,'공지테스트9','공지테스트9','admin90',to_date('21/12/21','RR/MM/DD'));
Insert into CETUS.TBL_NOTICE (NNO,NTITLE,NCONTENT,NWRITER,NREG_DATE) values (265,'공지테스트10','공지테스트10','공지테스트10',to_date('21/12/21','RR/MM/DD'));
Insert into CETUS.TBL_NOTICE (NNO,NTITLE,NCONTENT,NWRITER,NREG_DATE) values (266,'공지테스트11','공지테스트11','admin90',to_date('21/12/21','RR/MM/DD'));
Insert into CETUS.TBL_NOTICE (NNO,NTITLE,NCONTENT,NWRITER,NREG_DATE) values (267,'공지입니다 입니다.','공지내용입니다 입니다.','admin90',to_date('21/12/21','RR/MM/DD'));
Insert into CETUS.TBL_NOTICE (NNO,NTITLE,NCONTENT,NWRITER,NREG_DATE) values (268,'공지입니다2','공지내용입니다2','admin92',to_date('21/12/21','RR/MM/DD'));
Insert into CETUS.TBL_NOTICE (NNO,NTITLE,NCONTENT,NWRITER,NREG_DATE) values (269,'공지 테스트 44','공지 테스트 44','admin_test4444',to_date('21/12/21','RR/MM/DD'));
Insert into CETUS.TBL_NOTICE (NNO,NTITLE,NCONTENT,NWRITER,NREG_DATE) values (270,'공지테스트6','공지테스트6','admin90',to_date('21/12/21','RR/MM/DD'));
Insert into CETUS.TBL_NOTICE (NNO,NTITLE,NCONTENT,NWRITER,NREG_DATE) values (271,'공지 테스트333','공지 테스트333 입니다.','admin_test3',to_date('21/12/21','RR/MM/DD'));
Insert into CETUS.TBL_NOTICE (NNO,NTITLE,NCONTENT,NWRITER,NREG_DATE) values (272,'공지테스트7','공지테스트7','admin90',to_date('21/12/21','RR/MM/DD'));
Insert into CETUS.TBL_NOTICE (NNO,NTITLE,NCONTENT,NWRITER,NREG_DATE) values (273,'공지 테스트 66','공지 테스트 66','admin_test66',to_date('21/12/21','RR/MM/DD'));
Insert into CETUS.TBL_NOTICE (NNO,NTITLE,NCONTENT,NWRITER,NREG_DATE) values (274,'공지 테스트 4','dfghj','admin_test4',to_date('21/12/21','RR/MM/DD'));
Insert into CETUS.TBL_NOTICE (NNO,NTITLE,NCONTENT,NWRITER,NREG_DATE) values (275,'공지테스트9','공지테스트9','admin90',to_date('21/12/21','RR/MM/DD'));
Insert into CETUS.TBL_NOTICE (NNO,NTITLE,NCONTENT,NWRITER,NREG_DATE) values (276,'공지테스트10','공지테스트10','공지테스트10',to_date('21/12/21','RR/MM/DD'));
Insert into CETUS.TBL_NOTICE (NNO,NTITLE,NCONTENT,NWRITER,NREG_DATE) values (277,'공지테스트11','공지테스트11','admin90',to_date('21/12/21','RR/MM/DD'));
Insert into CETUS.TBL_NOTICE (NNO,NTITLE,NCONTENT,NWRITER,NREG_DATE) values (278,'공지입니다 입니다.','공지내용입니다 입니다.','admin90',to_date('21/12/21','RR/MM/DD'));
Insert into CETUS.TBL_NOTICE (NNO,NTITLE,NCONTENT,NWRITER,NREG_DATE) values (279,'공지입니다2','공지내용입니다2','admin92',to_date('21/12/21','RR/MM/DD'));
Insert into CETUS.TBL_NOTICE (NNO,NTITLE,NCONTENT,NWRITER,NREG_DATE) values (280,'공지 테스트 44','공지 테스트 44','admin_test4444',to_date('21/12/21','RR/MM/DD'));
Insert into CETUS.TBL_NOTICE (NNO,NTITLE,NCONTENT,NWRITER,NREG_DATE) values (281,'공지테스트6','공지테스트6','admin90',to_date('21/12/21','RR/MM/DD'));
Insert into CETUS.TBL_NOTICE (NNO,NTITLE,NCONTENT,NWRITER,NREG_DATE) values (282,'공지 테스트333','공지 테스트333 입니다.','admin_test3',to_date('21/12/21','RR/MM/DD'));
Insert into CETUS.TBL_NOTICE (NNO,NTITLE,NCONTENT,NWRITER,NREG_DATE) values (283,'공지테스트7','공지테스트7','admin90',to_date('21/12/21','RR/MM/DD'));
Insert into CETUS.TBL_NOTICE (NNO,NTITLE,NCONTENT,NWRITER,NREG_DATE) values (284,'공지 테스트 66','공지 테스트 66','admin_test66',to_date('21/12/21','RR/MM/DD'));
Insert into CETUS.TBL_NOTICE (NNO,NTITLE,NCONTENT,NWRITER,NREG_DATE) values (285,'공지 테스트 4','dfghj','admin_test4',to_date('21/12/21','RR/MM/DD'));
Insert into CETUS.TBL_NOTICE (NNO,NTITLE,NCONTENT,NWRITER,NREG_DATE) values (286,'공지테스트9','공지테스트9','admin90',to_date('21/12/21','RR/MM/DD'));
Insert into CETUS.TBL_NOTICE (NNO,NTITLE,NCONTENT,NWRITER,NREG_DATE) values (287,'공지테스트10','공지테스트10','공지테스트10',to_date('21/12/21','RR/MM/DD'));
Insert into CETUS.TBL_NOTICE (NNO,NTITLE,NCONTENT,NWRITER,NREG_DATE) values (288,'공지테스트11','공지테스트11','admin90',to_date('21/12/21','RR/MM/DD'));
Insert into CETUS.TBL_NOTICE (NNO,NTITLE,NCONTENT,NWRITER,NREG_DATE) values (289,'공지입니다 입니다.','공지내용입니다 입니다.','admin90',to_date('21/12/21','RR/MM/DD'));
Insert into CETUS.TBL_NOTICE (NNO,NTITLE,NCONTENT,NWRITER,NREG_DATE) values (290,'공지입니다2','공지내용입니다2','admin92',to_date('21/12/21','RR/MM/DD'));
Insert into CETUS.TBL_NOTICE (NNO,NTITLE,NCONTENT,NWRITER,NREG_DATE) values (291,'공지 테스트 44','공지 테스트 44','admin_test4444',to_date('21/12/21','RR/MM/DD'));
Insert into CETUS.TBL_NOTICE (NNO,NTITLE,NCONTENT,NWRITER,NREG_DATE) values (292,'공지테스트6','공지테스트6','admin90',to_date('21/12/21','RR/MM/DD'));
Insert into CETUS.TBL_NOTICE (NNO,NTITLE,NCONTENT,NWRITER,NREG_DATE) values (293,'공지 테스트333','공지 테스트333 입니다.','admin_test3',to_date('21/12/21','RR/MM/DD'));
Insert into CETUS.TBL_NOTICE (NNO,NTITLE,NCONTENT,NWRITER,NREG_DATE) values (294,'공지테스트7','공지테스트7','admin90',to_date('21/12/21','RR/MM/DD'));
Insert into CETUS.TBL_NOTICE (NNO,NTITLE,NCONTENT,NWRITER,NREG_DATE) values (295,'공지 테스트 66','공지 테스트 66','admin_test66',to_date('21/12/21','RR/MM/DD'));
Insert into CETUS.TBL_NOTICE (NNO,NTITLE,NCONTENT,NWRITER,NREG_DATE) values (296,'공지 테스트 4','dfghj','admin_test4',to_date('21/12/21','RR/MM/DD'));
Insert into CETUS.TBL_NOTICE (NNO,NTITLE,NCONTENT,NWRITER,NREG_DATE) values (297,'공지테스트9','공지테스트9','admin90',to_date('21/12/21','RR/MM/DD'));
Insert into CETUS.TBL_NOTICE (NNO,NTITLE,NCONTENT,NWRITER,NREG_DATE) values (298,'공지테스트10','공지테스트10','공지테스트10',to_date('21/12/21','RR/MM/DD'));
Insert into CETUS.TBL_NOTICE (NNO,NTITLE,NCONTENT,NWRITER,NREG_DATE) values (299,'공지테스트11','공지테스트11','admin90',to_date('21/12/21','RR/MM/DD'));
Insert into CETUS.TBL_NOTICE (NNO,NTITLE,NCONTENT,NWRITER,NREG_DATE) values (300,'공지입니다 입니다.','공지내용입니다 입니다.','admin90',to_date('21/12/21','RR/MM/DD'));
Insert into CETUS.TBL_NOTICE (NNO,NTITLE,NCONTENT,NWRITER,NREG_DATE) values (301,'공지입니다2','공지내용입니다2','admin92',to_date('21/12/21','RR/MM/DD'));
Insert into CETUS.TBL_NOTICE (NNO,NTITLE,NCONTENT,NWRITER,NREG_DATE) values (302,'공지 테스트 44','공지 테스트 44','admin_test4444',to_date('21/12/21','RR/MM/DD'));
Insert into CETUS.TBL_NOTICE (NNO,NTITLE,NCONTENT,NWRITER,NREG_DATE) values (303,'공지테스트6','공지테스트6','admin90',to_date('21/12/21','RR/MM/DD'));
Insert into CETUS.TBL_NOTICE (NNO,NTITLE,NCONTENT,NWRITER,NREG_DATE) values (304,'공지 테스트333','공지 테스트333 입니다.','admin_test3',to_date('21/12/21','RR/MM/DD'));
Insert into CETUS.TBL_NOTICE (NNO,NTITLE,NCONTENT,NWRITER,NREG_DATE) values (305,'공지테스트7','공지테스트7','admin90',to_date('21/12/21','RR/MM/DD'));
Insert into CETUS.TBL_NOTICE (NNO,NTITLE,NCONTENT,NWRITER,NREG_DATE) values (306,'공지 테스트 66','공지 테스트 66','admin_test66',to_date('21/12/21','RR/MM/DD'));
Insert into CETUS.TBL_NOTICE (NNO,NTITLE,NCONTENT,NWRITER,NREG_DATE) values (307,'공지 테스트 4','dfghj','admin_test4',to_date('21/12/21','RR/MM/DD'));
Insert into CETUS.TBL_NOTICE (NNO,NTITLE,NCONTENT,NWRITER,NREG_DATE) values (308,'공지테스트9','공지테스트9','admin90',to_date('21/12/21','RR/MM/DD'));
Insert into CETUS.TBL_NOTICE (NNO,NTITLE,NCONTENT,NWRITER,NREG_DATE) values (309,'공지테스트10','공지테스트10','공지테스트10',to_date('21/12/21','RR/MM/DD'));
Insert into CETUS.TBL_NOTICE (NNO,NTITLE,NCONTENT,NWRITER,NREG_DATE) values (310,'공지테스트11','공지테스트11','admin90',to_date('21/12/21','RR/MM/DD'));
Insert into CETUS.TBL_NOTICE (NNO,NTITLE,NCONTENT,NWRITER,NREG_DATE) values (311,'공지입니다 입니다.','공지내용입니다 입니다.','admin90',to_date('21/12/21','RR/MM/DD'));
Insert into CETUS.TBL_NOTICE (NNO,NTITLE,NCONTENT,NWRITER,NREG_DATE) values (312,'공지입니다2','공지내용입니다2','admin92',to_date('21/12/21','RR/MM/DD'));
Insert into CETUS.TBL_NOTICE (NNO,NTITLE,NCONTENT,NWRITER,NREG_DATE) values (313,'공지 테스트 44','공지 테스트 44','admin_test4444',to_date('21/12/21','RR/MM/DD'));
Insert into CETUS.TBL_NOTICE (NNO,NTITLE,NCONTENT,NWRITER,NREG_DATE) values (314,'공지테스트6','공지테스트6','admin90',to_date('21/12/21','RR/MM/DD'));
Insert into CETUS.TBL_NOTICE (NNO,NTITLE,NCONTENT,NWRITER,NREG_DATE) values (315,'공지 테스트333','공지 테스트333 입니다.','admin_test3',to_date('21/12/21','RR/MM/DD'));
Insert into CETUS.TBL_NOTICE (NNO,NTITLE,NCONTENT,NWRITER,NREG_DATE) values (316,'공지테스트7','공지테스트7','admin90',to_date('21/12/21','RR/MM/DD'));
Insert into CETUS.TBL_NOTICE (NNO,NTITLE,NCONTENT,NWRITER,NREG_DATE) values (317,'공지 테스트 66','공지 테스트 66','admin_test66',to_date('21/12/21','RR/MM/DD'));
Insert into CETUS.TBL_NOTICE (NNO,NTITLE,NCONTENT,NWRITER,NREG_DATE) values (318,'공지 테스트 4','dfghj','admin_test4',to_date('21/12/21','RR/MM/DD'));
Insert into CETUS.TBL_NOTICE (NNO,NTITLE,NCONTENT,NWRITER,NREG_DATE) values (319,'공지테스트9','공지테스트9','admin90',to_date('21/12/21','RR/MM/DD'));
Insert into CETUS.TBL_NOTICE (NNO,NTITLE,NCONTENT,NWRITER,NREG_DATE) values (320,'공지테스트10','공지테스트10','공지테스트10',to_date('21/12/21','RR/MM/DD'));
Insert into CETUS.TBL_NOTICE (NNO,NTITLE,NCONTENT,NWRITER,NREG_DATE) values (321,'공지테스트11','공지테스트11','admin90',to_date('21/12/21','RR/MM/DD'));
Insert into CETUS.TBL_NOTICE (NNO,NTITLE,NCONTENT,NWRITER,NREG_DATE) values (322,'공지입니다 입니다.','공지내용입니다 입니다.','admin90',to_date('21/12/21','RR/MM/DD'));
Insert into CETUS.TBL_NOTICE (NNO,NTITLE,NCONTENT,NWRITER,NREG_DATE) values (323,'공지입니다2','공지내용입니다2','admin92',to_date('21/12/21','RR/MM/DD'));
Insert into CETUS.TBL_NOTICE (NNO,NTITLE,NCONTENT,NWRITER,NREG_DATE) values (324,'공지 테스트 44','공지 테스트 44','admin_test4444',to_date('21/12/21','RR/MM/DD'));
Insert into CETUS.TBL_NOTICE (NNO,NTITLE,NCONTENT,NWRITER,NREG_DATE) values (325,'공지테스트6','공지테스트6','admin90',to_date('21/12/21','RR/MM/DD'));
Insert into CETUS.TBL_NOTICE (NNO,NTITLE,NCONTENT,NWRITER,NREG_DATE) values (326,'공지 테스트333','공지 테스트333 입니다.','admin_test3',to_date('21/12/21','RR/MM/DD'));
Insert into CETUS.TBL_NOTICE (NNO,NTITLE,NCONTENT,NWRITER,NREG_DATE) values (327,'공지테스트7','공지테스트7','admin90',to_date('21/12/21','RR/MM/DD'));
Insert into CETUS.TBL_NOTICE (NNO,NTITLE,NCONTENT,NWRITER,NREG_DATE) values (328,'공지 테스트 66','공지 테스트 66','admin_test66',to_date('21/12/21','RR/MM/DD'));
Insert into CETUS.TBL_NOTICE (NNO,NTITLE,NCONTENT,NWRITER,NREG_DATE) values (329,'공지 테스트 4','dfghj','admin_test4',to_date('21/12/21','RR/MM/DD'));
Insert into CETUS.TBL_NOTICE (NNO,NTITLE,NCONTENT,NWRITER,NREG_DATE) values (330,'공지테스트9','공지테스트9','admin90',to_date('21/12/21','RR/MM/DD'));
Insert into CETUS.TBL_NOTICE (NNO,NTITLE,NCONTENT,NWRITER,NREG_DATE) values (331,'공지테스트10','공지테스트10','공지테스트10',to_date('21/12/21','RR/MM/DD'));
Insert into CETUS.TBL_NOTICE (NNO,NTITLE,NCONTENT,NWRITER,NREG_DATE) values (332,'공지테스트11','공지테스트11','admin90',to_date('21/12/21','RR/MM/DD'));
Insert into CETUS.TBL_NOTICE (NNO,NTITLE,NCONTENT,NWRITER,NREG_DATE) values (333,'공지입니다 입니다.','공지내용입니다 입니다.','admin90',to_date('21/12/21','RR/MM/DD'));
Insert into CETUS.TBL_NOTICE (NNO,NTITLE,NCONTENT,NWRITER,NREG_DATE) values (334,'공지입니다2','공지내용입니다2','admin92',to_date('21/12/21','RR/MM/DD'));
Insert into CETUS.TBL_NOTICE (NNO,NTITLE,NCONTENT,NWRITER,NREG_DATE) values (335,'공지 테스트 44','공지 테스트 44','admin_test4444',to_date('21/12/21','RR/MM/DD'));
Insert into CETUS.TBL_NOTICE (NNO,NTITLE,NCONTENT,NWRITER,NREG_DATE) values (336,'공지테스트6','공지테스트6','admin90',to_date('21/12/21','RR/MM/DD'));
Insert into CETUS.TBL_NOTICE (NNO,NTITLE,NCONTENT,NWRITER,NREG_DATE) values (337,'공지 테스트333','공지 테스트333 입니다.','admin_test3',to_date('21/12/21','RR/MM/DD'));
Insert into CETUS.TBL_NOTICE (NNO,NTITLE,NCONTENT,NWRITER,NREG_DATE) values (338,'공지테스트7','공지테스트7','admin90',to_date('21/12/21','RR/MM/DD'));
Insert into CETUS.TBL_NOTICE (NNO,NTITLE,NCONTENT,NWRITER,NREG_DATE) values (339,'공지 테스트 66','공지 테스트 66','admin_test66',to_date('21/12/21','RR/MM/DD'));
Insert into CETUS.TBL_NOTICE (NNO,NTITLE,NCONTENT,NWRITER,NREG_DATE) values (340,'공지 테스트 4','dfghj','admin_test4',to_date('21/12/21','RR/MM/DD'));
Insert into CETUS.TBL_NOTICE (NNO,NTITLE,NCONTENT,NWRITER,NREG_DATE) values (341,'공지테스트9','공지테스트9','admin90',to_date('21/12/21','RR/MM/DD'));
Insert into CETUS.TBL_NOTICE (NNO,NTITLE,NCONTENT,NWRITER,NREG_DATE) values (342,'공지테스트10','공지테스트10','공지테스트10',to_date('21/12/21','RR/MM/DD'));
Insert into CETUS.TBL_NOTICE (NNO,NTITLE,NCONTENT,NWRITER,NREG_DATE) values (343,'공지테스트11','공지테스트11','admin90',to_date('21/12/21','RR/MM/DD'));
Insert into CETUS.TBL_NOTICE (NNO,NTITLE,NCONTENT,NWRITER,NREG_DATE) values (344,'공지입니다 입니다.','공지내용입니다 입니다.','admin90',to_date('21/12/21','RR/MM/DD'));
Insert into CETUS.TBL_NOTICE (NNO,NTITLE,NCONTENT,NWRITER,NREG_DATE) values (345,'공지입니다2','공지내용입니다2','admin92',to_date('21/12/21','RR/MM/DD'));
Insert into CETUS.TBL_NOTICE (NNO,NTITLE,NCONTENT,NWRITER,NREG_DATE) values (346,'공지 테스트 44','공지 테스트 44','admin_test4444',to_date('21/12/21','RR/MM/DD'));
Insert into CETUS.TBL_NOTICE (NNO,NTITLE,NCONTENT,NWRITER,NREG_DATE) values (347,'공지테스트6','공지테스트6','admin90',to_date('21/12/21','RR/MM/DD'));
Insert into CETUS.TBL_NOTICE (NNO,NTITLE,NCONTENT,NWRITER,NREG_DATE) values (348,'공지 테스트333','공지 테스트333 입니다.','admin_test3',to_date('21/12/21','RR/MM/DD'));
Insert into CETUS.TBL_NOTICE (NNO,NTITLE,NCONTENT,NWRITER,NREG_DATE) values (349,'공지테스트7','공지테스트7','admin90',to_date('21/12/21','RR/MM/DD'));
Insert into CETUS.TBL_NOTICE (NNO,NTITLE,NCONTENT,NWRITER,NREG_DATE) values (350,'공지 테스트 66','공지 테스트 66','admin_test66',to_date('21/12/21','RR/MM/DD'));
Insert into CETUS.TBL_NOTICE (NNO,NTITLE,NCONTENT,NWRITER,NREG_DATE) values (351,'공지 테스트 4','dfghj','admin_test4',to_date('21/12/21','RR/MM/DD'));
Insert into CETUS.TBL_NOTICE (NNO,NTITLE,NCONTENT,NWRITER,NREG_DATE) values (352,'공지테스트9','공지테스트9','admin90',to_date('21/12/21','RR/MM/DD'));
Insert into CETUS.TBL_NOTICE (NNO,NTITLE,NCONTENT,NWRITER,NREG_DATE) values (353,'공지테스트10','공지테스트10','공지테스트10',to_date('21/12/21','RR/MM/DD'));
Insert into CETUS.TBL_NOTICE (NNO,NTITLE,NCONTENT,NWRITER,NREG_DATE) values (354,'공지테스트11','공지테스트11','admin90',to_date('21/12/21','RR/MM/DD'));
Insert into CETUS.TBL_NOTICE (NNO,NTITLE,NCONTENT,NWRITER,NREG_DATE) values (355,'공지입니다 입니다.','공지내용입니다 입니다.','admin90',to_date('21/12/21','RR/MM/DD'));
Insert into CETUS.TBL_NOTICE (NNO,NTITLE,NCONTENT,NWRITER,NREG_DATE) values (356,'공지입니다2','공지내용입니다2','admin92',to_date('21/12/21','RR/MM/DD'));
Insert into CETUS.TBL_NOTICE (NNO,NTITLE,NCONTENT,NWRITER,NREG_DATE) values (357,'공지 테스트 44','공지 테스트 44','admin_test4444',to_date('21/12/21','RR/MM/DD'));
Insert into CETUS.TBL_NOTICE (NNO,NTITLE,NCONTENT,NWRITER,NREG_DATE) values (358,'공지테스트6','공지테스트6','admin90',to_date('21/12/21','RR/MM/DD'));
Insert into CETUS.TBL_NOTICE (NNO,NTITLE,NCONTENT,NWRITER,NREG_DATE) values (359,'공지 테스트333','공지 테스트333 입니다.','admin_test3',to_date('21/12/21','RR/MM/DD'));
Insert into CETUS.TBL_NOTICE (NNO,NTITLE,NCONTENT,NWRITER,NREG_DATE) values (360,'공지테스트7','공지테스트7','admin90',to_date('21/12/21','RR/MM/DD'));
Insert into CETUS.TBL_NOTICE (NNO,NTITLE,NCONTENT,NWRITER,NREG_DATE) values (361,'공지 테스트 66','공지 테스트 66','admin_test66',to_date('21/12/21','RR/MM/DD'));
Insert into CETUS.TBL_NOTICE (NNO,NTITLE,NCONTENT,NWRITER,NREG_DATE) values (362,'공지 테스트 4','dfghj','admin_test4',to_date('21/12/21','RR/MM/DD'));
Insert into CETUS.TBL_NOTICE (NNO,NTITLE,NCONTENT,NWRITER,NREG_DATE) values (363,'공지테스트9','공지테스트9','admin90',to_date('21/12/21','RR/MM/DD'));
Insert into CETUS.TBL_NOTICE (NNO,NTITLE,NCONTENT,NWRITER,NREG_DATE) values (364,'공지테스트10','공지테스트10','공지테스트10',to_date('21/12/21','RR/MM/DD'));
Insert into CETUS.TBL_NOTICE (NNO,NTITLE,NCONTENT,NWRITER,NREG_DATE) values (365,'공지테스트11','공지테스트11','admin90',to_date('21/12/21','RR/MM/DD'));
Insert into CETUS.TBL_NOTICE (NNO,NTITLE,NCONTENT,NWRITER,NREG_DATE) values (366,'공지입니다 입니다.','공지내용입니다 입니다.','admin90',to_date('21/12/21','RR/MM/DD'));
Insert into CETUS.TBL_NOTICE (NNO,NTITLE,NCONTENT,NWRITER,NREG_DATE) values (367,'공지입니다2','공지내용입니다2','admin92',to_date('21/12/21','RR/MM/DD'));
Insert into CETUS.TBL_NOTICE (NNO,NTITLE,NCONTENT,NWRITER,NREG_DATE) values (368,'공지 테스트 44','공지 테스트 44','admin_test4444',to_date('21/12/21','RR/MM/DD'));
Insert into CETUS.TBL_NOTICE (NNO,NTITLE,NCONTENT,NWRITER,NREG_DATE) values (369,'공지테스트6','공지테스트6','admin90',to_date('21/12/21','RR/MM/DD'));
Insert into CETUS.TBL_NOTICE (NNO,NTITLE,NCONTENT,NWRITER,NREG_DATE) values (370,'공지 테스트333','공지 테스트333 입니다.','admin_test3',to_date('21/12/21','RR/MM/DD'));
Insert into CETUS.TBL_NOTICE (NNO,NTITLE,NCONTENT,NWRITER,NREG_DATE) values (371,'공지테스트7','공지테스트7','admin90',to_date('21/12/21','RR/MM/DD'));
Insert into CETUS.TBL_NOTICE (NNO,NTITLE,NCONTENT,NWRITER,NREG_DATE) values (372,'공지 테스트 66','공지 테스트 66','admin_test66',to_date('21/12/21','RR/MM/DD'));
Insert into CETUS.TBL_NOTICE (NNO,NTITLE,NCONTENT,NWRITER,NREG_DATE) values (373,'공지 테스트 4','dfghj','admin_test4',to_date('21/12/21','RR/MM/DD'));
Insert into CETUS.TBL_NOTICE (NNO,NTITLE,NCONTENT,NWRITER,NREG_DATE) values (374,'공지테스트9','공지테스트9','admin90',to_date('21/12/21','RR/MM/DD'));
Insert into CETUS.TBL_NOTICE (NNO,NTITLE,NCONTENT,NWRITER,NREG_DATE) values (375,'공지테스트10','공지테스트10','공지테스트10',to_date('21/12/21','RR/MM/DD'));
Insert into CETUS.TBL_NOTICE (NNO,NTITLE,NCONTENT,NWRITER,NREG_DATE) values (376,'공지테스트11','공지테스트11','admin90',to_date('21/12/21','RR/MM/DD'));
Insert into CETUS.TBL_NOTICE (NNO,NTITLE,NCONTENT,NWRITER,NREG_DATE) values (377,'공지입니다 입니다.','공지내용입니다 입니다.','admin90',to_date('21/12/21','RR/MM/DD'));
Insert into CETUS.TBL_NOTICE (NNO,NTITLE,NCONTENT,NWRITER,NREG_DATE) values (378,'공지입니다2','공지내용입니다2','admin92',to_date('21/12/21','RR/MM/DD'));
Insert into CETUS.TBL_NOTICE (NNO,NTITLE,NCONTENT,NWRITER,NREG_DATE) values (379,'공지 테스트 44','공지 테스트 44','admin_test4444',to_date('21/12/21','RR/MM/DD'));
Insert into CETUS.TBL_NOTICE (NNO,NTITLE,NCONTENT,NWRITER,NREG_DATE) values (380,'공지테스트6','공지테스트6','admin90',to_date('21/12/21','RR/MM/DD'));
Insert into CETUS.TBL_NOTICE (NNO,NTITLE,NCONTENT,NWRITER,NREG_DATE) values (381,'공지 테스트333','공지 테스트333 입니다.','admin_test3',to_date('21/12/21','RR/MM/DD'));
Insert into CETUS.TBL_NOTICE (NNO,NTITLE,NCONTENT,NWRITER,NREG_DATE) values (382,'공지테스트7','공지테스트7','admin90',to_date('21/12/21','RR/MM/DD'));
Insert into CETUS.TBL_NOTICE (NNO,NTITLE,NCONTENT,NWRITER,NREG_DATE) values (383,'공지 테스트 66','공지 테스트 66','admin_test66',to_date('21/12/21','RR/MM/DD'));
Insert into CETUS.TBL_NOTICE (NNO,NTITLE,NCONTENT,NWRITER,NREG_DATE) values (384,'공지 테스트 4','dfghj','admin_test4',to_date('21/12/21','RR/MM/DD'));
Insert into CETUS.TBL_NOTICE (NNO,NTITLE,NCONTENT,NWRITER,NREG_DATE) values (385,'공지테스트9','공지테스트9','admin90',to_date('21/12/21','RR/MM/DD'));
Insert into CETUS.TBL_NOTICE (NNO,NTITLE,NCONTENT,NWRITER,NREG_DATE) values (386,'공지테스트10','공지테스트10','공지테스트10',to_date('21/12/21','RR/MM/DD'));
Insert into CETUS.TBL_NOTICE (NNO,NTITLE,NCONTENT,NWRITER,NREG_DATE) values (387,'공지테스트11','공지테스트11','admin90',to_date('21/12/21','RR/MM/DD'));
Insert into CETUS.TBL_NOTICE (NNO,NTITLE,NCONTENT,NWRITER,NREG_DATE) values (388,'공지테스트 4444','공지테스트 4444','admin90',to_date('21/12/22','RR/MM/DD'));
Insert into CETUS.TBL_NOTICE (NNO,NTITLE,NCONTENT,NWRITER,NREG_DATE) values (389,'공지테스트 4444','공지테스트 4444','admin90',to_date('21/12/22','RR/MM/DD'));
Insert into CETUS.TBL_NOTICE (NNO,NTITLE,NCONTENT,NWRITER,NREG_DATE) values (390,'공지테스트 4444','공지테스트 4444','admin90',to_date('21/12/22','RR/MM/DD'));
Insert into CETUS.TBL_NOTICE (NNO,NTITLE,NCONTENT,NWRITER,NREG_DATE) values (391,'공지테스트 4444','1111','admin90',to_date('21/12/22','RR/MM/DD'));
Insert into CETUS.TBL_NOTICE (NNO,NTITLE,NCONTENT,NWRITER,NREG_DATE) values (392,'공지테스트 4444','<p>ㅅㅅㅅㅅㅅ</p>
','admin_test',to_date('21/12/23','RR/MM/DD'));
Insert into CETUS.TBL_NOTICE (NNO,NTITLE,NCONTENT,NWRITER,NREG_DATE) values (421,'공지테스트 7777','공지입니다.','admin',to_date('22/01/07','RR/MM/DD'));
REM INSERTING into CETUS.TBL_REPLY
SET DEFINE OFF;
Insert into CETUS.TBL_REPLY (RNO,BNO,REPLY,REPLYER,REPLY_DATE,REPLY_UPDATEDATE) values (1,349,'테스트덧글','테스트작성자',to_date('21/12/29','RR/MM/DD'),to_date('21/12/29','RR/MM/DD'));
Insert into CETUS.TBL_REPLY (RNO,BNO,REPLY,REPLYER,REPLY_DATE,REPLY_UPDATEDATE) values (2,349,'안녕하세요','tester1111',to_date('21/12/29','RR/MM/DD'),to_date('21/12/29','RR/MM/DD'));
Insert into CETUS.TBL_REPLY (RNO,BNO,REPLY,REPLYER,REPLY_DATE,REPLY_UPDATEDATE) values (144,542,'hhhh','cetus1234',to_date('22/01/09','RR/MM/DD'),null);
Insert into CETUS.TBL_REPLY (RNO,BNO,REPLY,REPLYER,REPLY_DATE,REPLY_UPDATEDATE) values (146,177,'kkk','cetus1234',to_date('22/01/11','RR/MM/DD'),null);
Insert into CETUS.TBL_REPLY (RNO,BNO,REPLY,REPLYER,REPLY_DATE,REPLY_UPDATEDATE) values (147,362,'dddd','cetus1234',to_date('22/01/11','RR/MM/DD'),null);
Insert into CETUS.TBL_REPLY (RNO,BNO,REPLY,REPLYER,REPLY_DATE,REPLY_UPDATEDATE) values (83,235,'하이하이','testid222',to_date('22/01/04','RR/MM/DD'),null);
Insert into CETUS.TBL_REPLY (RNO,BNO,REPLY,REPLYER,REPLY_DATE,REPLY_UPDATEDATE) values (84,422,'ㅇㅇㅇㅇㅇㅇㅇㅇㅇㅇ','하이',to_date('22/01/04','RR/MM/DD'),to_date('22/01/05','RR/MM/DD'));
Insert into CETUS.TBL_REPLY (RNO,BNO,REPLY,REPLYER,REPLY_DATE,REPLY_UPDATEDATE) values (126,482,'안녕하세요','cetus1234',to_date('22/01/08','RR/MM/DD'),null);
Insert into CETUS.TBL_REPLY (RNO,BNO,REPLY,REPLYER,REPLY_DATE,REPLY_UPDATEDATE) values (122,478,'ddddddddd','test5555',to_date('22/01/06','RR/MM/DD'),to_date('22/01/06','RR/MM/DD'));
Insert into CETUS.TBL_REPLY (RNO,BNO,REPLY,REPLYER,REPLY_DATE,REPLY_UPDATEDATE) values (161,642,'ㅎㅎㅇㅀ','admin',to_date('22/01/19','RR/MM/DD'),to_date('22/01/20','RR/MM/DD'));
Insert into CETUS.TBL_REPLY (RNO,BNO,REPLY,REPLYER,REPLY_DATE,REPLY_UPDATEDATE) values (162,642,'fdf','admin',to_date('22/01/19','RR/MM/DD'),null);
Insert into CETUS.TBL_REPLY (RNO,BNO,REPLY,REPLYER,REPLY_DATE,REPLY_UPDATEDATE) values (163,642,'dfgdfg','admin',to_date('22/01/19','RR/MM/DD'),null);
Insert into CETUS.TBL_REPLY (RNO,BNO,REPLY,REPLYER,REPLY_DATE,REPLY_UPDATEDATE) values (164,642,'dfgdfg','admin',to_date('22/01/19','RR/MM/DD'),null);
Insert into CETUS.TBL_REPLY (RNO,BNO,REPLY,REPLYER,REPLY_DATE,REPLY_UPDATEDATE) values (165,642,'dfg','admin',to_date('22/01/20','RR/MM/DD'),null);
Insert into CETUS.TBL_REPLY (RNO,BNO,REPLY,REPLYER,REPLY_DATE,REPLY_UPDATEDATE) values (166,642,'가나다라마바사 ㄷ아자차카','admin',to_date('22/01/20','RR/MM/DD'),null);
Insert into CETUS.TBL_REPLY (RNO,BNO,REPLY,REPLYER,REPLY_DATE,REPLY_UPDATEDATE) values (167,642,'ㄹㅇㅎㅇㅀㅇㅀㄹㅇㅎ','admin',to_date('22/01/20','RR/MM/DD'),null);
Insert into CETUS.TBL_REPLY (RNO,BNO,REPLY,REPLYER,REPLY_DATE,REPLY_UPDATEDATE) values (183,683,'테스트 댓글입니다.22','admin',to_date('22/01/25','RR/MM/DD'),null);
Insert into CETUS.TBL_REPLY (RNO,BNO,REPLY,REPLYER,REPLY_DATE,REPLY_UPDATEDATE) values (184,683,'테스트 댓글입니다.33','cetus1234',to_date('22/01/25','RR/MM/DD'),null);
Insert into CETUS.TBL_REPLY (RNO,BNO,REPLY,REPLYER,REPLY_DATE,REPLY_UPDATEDATE) values (174,668,'ㅗㅗㅗㅗsdfsdf','admin',to_date('22/01/23','RR/MM/DD'),to_date('22/01/23','RR/MM/DD'));
Insert into CETUS.TBL_REPLY (RNO,BNO,REPLY,REPLYER,REPLY_DATE,REPLY_UPDATEDATE) values (182,683,'테스트 댓글 입니다.','qwer1234',to_date('22/01/25','RR/MM/DD'),null);
Insert into CETUS.TBL_REPLY (RNO,BNO,REPLY,REPLYER,REPLY_DATE,REPLY_UPDATEDATE) values (176,668,'fghjkl','admin',to_date('22/01/23','RR/MM/DD'),null);
REM INSERTING into CETUS.TBL_TEMP
SET DEFINE OFF;
Insert into CETUS.TBL_TEMP (FILESIZE,PRICE) values (0,0);
REM INSERTING into CETUS.TBL_USERREG
SET DEFINE OFF;
Insert into CETUS.TBL_USERREG (ID,PW,RPW,EMAIL,ROOT,ENABLED,CASH) values ('cetus1234','qwer1234','qwer1234','cetus@naver.com','무료이용권,','1',0);
Insert into CETUS.TBL_USERREG (ID,PW,RPW,EMAIL,ROOT,ENABLED,CASH) values ('test5555','password12','password12','nam@naver.com','무료이용권,웹서핑','0',0);
Insert into CETUS.TBL_USERREG (ID,PW,RPW,EMAIL,ROOT,ENABLED,CASH) values ('admin1234','qwer1234','qwer1234','kim@naver.com','블로그,','0',0);
Insert into CETUS.TBL_USERREG (ID,PW,RPW,EMAIL,ROOT,ENABLED,CASH) values ('ggg55556','password','password','ggg@naver.com','지인소개','0',0);
Insert into CETUS.TBL_USERREG (ID,PW,RPW,EMAIL,ROOT,ENABLED,CASH) values ('ggg55558','password','password','ggg@daum.net','지인소개','0',0);
Insert into CETUS.TBL_USERREG (ID,PW,RPW,EMAIL,ROOT,ENABLED,CASH) values ('test55559','password','password','gggg@naver.com','지인소개','0',0);
Insert into CETUS.TBL_USERREG (ID,PW,RPW,EMAIL,ROOT,ENABLED,CASH) values ('test488888','password','password','ggggg@daum.net','지인소개','0',0);
Insert into CETUS.TBL_USERREG (ID,PW,RPW,EMAIL,ROOT,ENABLED,CASH) values ('gggggggg','password','password','gggggggggg@g','지인소개','0',0);
Insert into CETUS.TBL_USERREG (ID,PW,RPW,EMAIL,ROOT,ENABLED,CASH) values ('test55555','PASSWORD1234','PASSWORD1234','joonzis@naver.com','SNS','0',0);
Insert into CETUS.TBL_USERREG (ID,PW,RPW,EMAIL,ROOT,ENABLED,CASH) values ('cetus12345','password12','password12','cetus@daum.net','지인소개','0',0);
Insert into CETUS.TBL_USERREG (ID,PW,RPW,EMAIL,ROOT,ENABLED,CASH) values ('admin','admin1234','admin1234','cetus@gmail.com','관리자','1',98940);
Insert into CETUS.TBL_USERREG (ID,PW,RPW,EMAIL,ROOT,ENABLED,CASH) values ('ggg555566','qwer1234','qwer1234','cc@naver.com','블로그','0',0);
Insert into CETUS.TBL_USERREG (ID,PW,RPW,EMAIL,ROOT,ENABLED,CASH) values ('cetus123','qwer1234','qwer1234','lgh5764@gmail.com','지인소개','0',0);
Insert into CETUS.TBL_USERREG (ID,PW,RPW,EMAIL,ROOT,ENABLED,CASH) values ('cetus123456','qwer1234','qwer1234','cetus5764@gmail.com','블로그','0',0);
Insert into CETUS.TBL_USERREG (ID,PW,RPW,EMAIL,ROOT,ENABLED,CASH) values ('123123123123','qwer1234','qwer1234','A@NAA.COM','블로그','0',1000);
Insert into CETUS.TBL_USERREG (ID,PW,RPW,EMAIL,ROOT,ENABLED,CASH) values ('sdfsdf1qwwqe','123123123','123123123','SDF@B','SNS','0',1000);
Insert into CETUS.TBL_USERREG (ID,PW,RPW,EMAIL,ROOT,ENABLED,CASH) values ('asdasdasd1','qwer1234','qwer1234','sdf@naver.com','지인소개','0',1000);
Insert into CETUS.TBL_USERREG (ID,PW,RPW,EMAIL,ROOT,ENABLED,CASH) values ('qwer1234','qwer1234','qwer1234','qwer1234@naver.com','지인소개','0',1000);
REM INSERTING into CETUS.TBL_USERREG_AUTH
SET DEFINE OFF;
Insert into CETUS.TBL_USERREG_AUTH (ID,AUTH) values ('cetus1234','ROLE_MEMBER');
Insert into CETUS.TBL_USERREG_AUTH (ID,AUTH) values ('test5555','ROLE_USER');
Insert into CETUS.TBL_USERREG_AUTH (ID,AUTH) values ('ggg555566','ROLE_USER');
Insert into CETUS.TBL_USERREG_AUTH (ID,AUTH) values ('cetus12345','ROLE_USER');
Insert into CETUS.TBL_USERREG_AUTH (ID,AUTH) values ('admin','ROLE_ADMIN');
Insert into CETUS.TBL_USERREG_AUTH (ID,AUTH) values ('cetus123','ROLE_USER');
Insert into CETUS.TBL_USERREG_AUTH (ID,AUTH) values ('cetus123456','ROLE_USER');
Insert into CETUS.TBL_USERREG_AUTH (ID,AUTH) values ('123123123123','ROLE_USER');
Insert into CETUS.TBL_USERREG_AUTH (ID,AUTH) values ('sdfsdf1qwwqe','ROLE_USER');
Insert into CETUS.TBL_USERREG_AUTH (ID,AUTH) values ('asdasdasd1','ROLE_USER');
Insert into CETUS.TBL_USERREG_AUTH (ID,AUTH) values ('qwer1234','ROLE_USER');
REM INSERTING into CETUS.TEST_MEMBER
SET DEFINE OFF;
Insert into CETUS.TEST_MEMBER (MCODE,MNAME,MID,MPW,MAGE) values (1,'홍길동','테스트id1','password',20);
Insert into CETUS.TEST_MEMBER (MCODE,MNAME,MID,MPW,MAGE) values (2,'홍길동','테스트id2','password',20);
Insert into CETUS.TEST_MEMBER (MCODE,MNAME,MID,MPW,MAGE) values (5,'김씨','fff2222','qwer1234',40);
REM INSERTING into CETUS.TEST_STUDENT
SET DEFINE OFF;
--------------------------------------------------------
--  DDL for Index SYS_C007527
--------------------------------------------------------

  CREATE UNIQUE INDEX "CETUS"."SYS_C007527" ON "CETUS"."TBL_BOARD" ("BNO") 
  PCTFREE 10 INITRANS 2 MAXTRANS 255 COMPUTE STATISTICS 
  STORAGE(INITIAL 65536 NEXT 1048576 MINEXTENTS 1 MAXEXTENTS 2147483645
  PCTINCREASE 0 FREELISTS 1 FREELIST GROUPS 1 BUFFER_POOL DEFAULT FLASH_CACHE DEFAULT CELL_FLASH_CACHE DEFAULT)
  TABLESPACE "SYSTEM" ;
--------------------------------------------------------
--  DDL for Index SYS_C007533
--------------------------------------------------------

  CREATE UNIQUE INDEX "CETUS"."SYS_C007533" ON "CETUS"."TBL_REPLY" ("RNO") 
  PCTFREE 10 INITRANS 2 MAXTRANS 255 COMPUTE STATISTICS 
  STORAGE(INITIAL 65536 NEXT 1048576 MINEXTENTS 1 MAXEXTENTS 2147483645
  PCTINCREASE 0 FREELISTS 1 FREELIST GROUPS 1 BUFFER_POOL DEFAULT FLASH_CACHE DEFAULT CELL_FLASH_CACHE DEFAULT)
  TABLESPACE "SYSTEM" ;
--------------------------------------------------------
--  DDL for Index SYS_C007537
--------------------------------------------------------

  CREATE UNIQUE INDEX "CETUS"."SYS_C007537" ON "CETUS"."TBL_ATTACH" ("UUID") 
  PCTFREE 10 INITRANS 2 MAXTRANS 255 COMPUTE STATISTICS 
  STORAGE(INITIAL 65536 NEXT 1048576 MINEXTENTS 1 MAXEXTENTS 2147483645
  PCTINCREASE 0 FREELISTS 1 FREELIST GROUPS 1 BUFFER_POOL DEFAULT FLASH_CACHE DEFAULT CELL_FLASH_CACHE DEFAULT)
  TABLESPACE "SYSTEM" ;
--------------------------------------------------------
--  DDL for Index SYS_C007558
--------------------------------------------------------

  CREATE UNIQUE INDEX "CETUS"."SYS_C007558" ON "CETUS"."TBL_NOTICE" ("NNO") 
  PCTFREE 10 INITRANS 2 MAXTRANS 255 COMPUTE STATISTICS 
  STORAGE(INITIAL 65536 NEXT 1048576 MINEXTENTS 1 MAXEXTENTS 2147483645
  PCTINCREASE 0 FREELISTS 1 FREELIST GROUPS 1 BUFFER_POOL DEFAULT FLASH_CACHE DEFAULT CELL_FLASH_CACHE DEFAULT)
  TABLESPACE "SYSTEM" ;
--------------------------------------------------------
--  DDL for Index SYS_C007561
--------------------------------------------------------

  CREATE UNIQUE INDEX "CETUS"."SYS_C007561" ON "CETUS"."TBL_CATEGORY" ("CATECODE") 
  PCTFREE 10 INITRANS 2 MAXTRANS 255 COMPUTE STATISTICS 
  STORAGE(INITIAL 65536 NEXT 1048576 MINEXTENTS 1 MAXEXTENTS 2147483645
  PCTINCREASE 0 FREELISTS 1 FREELIST GROUPS 1 BUFFER_POOL DEFAULT FLASH_CACHE DEFAULT CELL_FLASH_CACHE DEFAULT)
  TABLESPACE "SYSTEM" ;
--------------------------------------------------------
--  DDL for Index SYS_C007609
--------------------------------------------------------

  CREATE UNIQUE INDEX "CETUS"."SYS_C007609" ON "CETUS"."TBL_MEMBER" ("USERID") 
  PCTFREE 10 INITRANS 2 MAXTRANS 255 COMPUTE STATISTICS 
  STORAGE(INITIAL 65536 NEXT 1048576 MINEXTENTS 1 MAXEXTENTS 2147483645
  PCTINCREASE 0 FREELISTS 1 FREELIST GROUPS 1 BUFFER_POOL DEFAULT FLASH_CACHE DEFAULT CELL_FLASH_CACHE DEFAULT)
  TABLESPACE "SYSTEM" ;
--------------------------------------------------------
--  DDL for Index SYS_C007616
--------------------------------------------------------

  CREATE UNIQUE INDEX "CETUS"."SYS_C007616" ON "CETUS"."PERSISTENT_LOGINS" ("SERIES") 
  PCTFREE 10 INITRANS 2 MAXTRANS 255 COMPUTE STATISTICS 
  STORAGE(INITIAL 65536 NEXT 1048576 MINEXTENTS 1 MAXEXTENTS 2147483645
  PCTINCREASE 0 FREELISTS 1 FREELIST GROUPS 1 BUFFER_POOL DEFAULT FLASH_CACHE DEFAULT CELL_FLASH_CACHE DEFAULT)
  TABLESPACE "SYSTEM" ;
--------------------------------------------------------
--  DDL for Index SYS_C007641
--------------------------------------------------------

  CREATE UNIQUE INDEX "CETUS"."SYS_C007641" ON "CETUS"."TBL_USERREG" ("ID") 
  PCTFREE 10 INITRANS 2 MAXTRANS 255 COMPUTE STATISTICS 
  STORAGE(INITIAL 65536 NEXT 1048576 MINEXTENTS 1 MAXEXTENTS 2147483645
  PCTINCREASE 0 FREELISTS 1 FREELIST GROUPS 1 BUFFER_POOL DEFAULT FLASH_CACHE DEFAULT CELL_FLASH_CACHE DEFAULT)
  TABLESPACE "SYSTEM" ;
--------------------------------------------------------
--  DDL for Index SYS_C007642
--------------------------------------------------------

  CREATE UNIQUE INDEX "CETUS"."SYS_C007642" ON "CETUS"."TBL_USERREG" ("EMAIL") 
  PCTFREE 10 INITRANS 2 MAXTRANS 255 COMPUTE STATISTICS 
  STORAGE(INITIAL 65536 NEXT 1048576 MINEXTENTS 1 MAXEXTENTS 2147483645
  PCTINCREASE 0 FREELISTS 1 FREELIST GROUPS 1 BUFFER_POOL DEFAULT FLASH_CACHE DEFAULT CELL_FLASH_CACHE DEFAULT)
  TABLESPACE "SYSTEM" ;
--------------------------------------------------------
--  DDL for Index SYS_C007670
--------------------------------------------------------

  CREATE UNIQUE INDEX "CETUS"."SYS_C007670" ON "CETUS"."BOOK" ("ID") 
  PCTFREE 10 INITRANS 2 MAXTRANS 255 COMPUTE STATISTICS 
  STORAGE(INITIAL 65536 NEXT 1048576 MINEXTENTS 1 MAXEXTENTS 2147483645
  PCTINCREASE 0 FREELISTS 1 FREELIST GROUPS 1 BUFFER_POOL DEFAULT FLASH_CACHE DEFAULT CELL_FLASH_CACHE DEFAULT)
  TABLESPACE "SYSTEM" ;
--------------------------------------------------------
--  DDL for Index SYS_C007671
--------------------------------------------------------

  CREATE UNIQUE INDEX "CETUS"."SYS_C007671" ON "CETUS"."TEST_STUDENT" ("STUNO") 
  PCTFREE 10 INITRANS 2 MAXTRANS 255 COMPUTE STATISTICS 
  STORAGE(INITIAL 65536 NEXT 1048576 MINEXTENTS 1 MAXEXTENTS 2147483645
  PCTINCREASE 0 FREELISTS 1 FREELIST GROUPS 1 BUFFER_POOL DEFAULT FLASH_CACHE DEFAULT CELL_FLASH_CACHE DEFAULT)
  TABLESPACE "SYSTEM" ;
--------------------------------------------------------
--  DDL for Index SYS_C007678
--------------------------------------------------------

  CREATE UNIQUE INDEX "CETUS"."SYS_C007678" ON "CETUS"."TEST_MEMBER" ("MCODE") 
  PCTFREE 10 INITRANS 2 MAXTRANS 255 COMPUTE STATISTICS 
  STORAGE(INITIAL 65536 NEXT 1048576 MINEXTENTS 1 MAXEXTENTS 2147483645
  PCTINCREASE 0 FREELISTS 1 FREELIST GROUPS 1 BUFFER_POOL DEFAULT FLASH_CACHE DEFAULT CELL_FLASH_CACHE DEFAULT)
  TABLESPACE "SYSTEM" ;
--------------------------------------------------------
--  DDL for Index SYS_C007670
--------------------------------------------------------

  CREATE UNIQUE INDEX "CETUS"."SYS_C007670" ON "CETUS"."BOOK" ("ID") 
  PCTFREE 10 INITRANS 2 MAXTRANS 255 COMPUTE STATISTICS 
  STORAGE(INITIAL 65536 NEXT 1048576 MINEXTENTS 1 MAXEXTENTS 2147483645
  PCTINCREASE 0 FREELISTS 1 FREELIST GROUPS 1 BUFFER_POOL DEFAULT FLASH_CACHE DEFAULT CELL_FLASH_CACHE DEFAULT)
  TABLESPACE "SYSTEM" ;
--------------------------------------------------------
--  DDL for Index SYS_C007616
--------------------------------------------------------

  CREATE UNIQUE INDEX "CETUS"."SYS_C007616" ON "CETUS"."PERSISTENT_LOGINS" ("SERIES") 
  PCTFREE 10 INITRANS 2 MAXTRANS 255 COMPUTE STATISTICS 
  STORAGE(INITIAL 65536 NEXT 1048576 MINEXTENTS 1 MAXEXTENTS 2147483645
  PCTINCREASE 0 FREELISTS 1 FREELIST GROUPS 1 BUFFER_POOL DEFAULT FLASH_CACHE DEFAULT CELL_FLASH_CACHE DEFAULT)
  TABLESPACE "SYSTEM" ;
--------------------------------------------------------
--  DDL for Index SYS_C007537
--------------------------------------------------------

  CREATE UNIQUE INDEX "CETUS"."SYS_C007537" ON "CETUS"."TBL_ATTACH" ("UUID") 
  PCTFREE 10 INITRANS 2 MAXTRANS 255 COMPUTE STATISTICS 
  STORAGE(INITIAL 65536 NEXT 1048576 MINEXTENTS 1 MAXEXTENTS 2147483645
  PCTINCREASE 0 FREELISTS 1 FREELIST GROUPS 1 BUFFER_POOL DEFAULT FLASH_CACHE DEFAULT CELL_FLASH_CACHE DEFAULT)
  TABLESPACE "SYSTEM" ;
--------------------------------------------------------
--  DDL for Index SYS_C007527
--------------------------------------------------------

  CREATE UNIQUE INDEX "CETUS"."SYS_C007527" ON "CETUS"."TBL_BOARD" ("BNO") 
  PCTFREE 10 INITRANS 2 MAXTRANS 255 COMPUTE STATISTICS 
  STORAGE(INITIAL 65536 NEXT 1048576 MINEXTENTS 1 MAXEXTENTS 2147483645
  PCTINCREASE 0 FREELISTS 1 FREELIST GROUPS 1 BUFFER_POOL DEFAULT FLASH_CACHE DEFAULT CELL_FLASH_CACHE DEFAULT)
  TABLESPACE "SYSTEM" ;
--------------------------------------------------------
--  DDL for Index SYS_C007561
--------------------------------------------------------

  CREATE UNIQUE INDEX "CETUS"."SYS_C007561" ON "CETUS"."TBL_CATEGORY" ("CATECODE") 
  PCTFREE 10 INITRANS 2 MAXTRANS 255 COMPUTE STATISTICS 
  STORAGE(INITIAL 65536 NEXT 1048576 MINEXTENTS 1 MAXEXTENTS 2147483645
  PCTINCREASE 0 FREELISTS 1 FREELIST GROUPS 1 BUFFER_POOL DEFAULT FLASH_CACHE DEFAULT CELL_FLASH_CACHE DEFAULT)
  TABLESPACE "SYSTEM" ;
--------------------------------------------------------
--  DDL for Index SYS_C007609
--------------------------------------------------------

  CREATE UNIQUE INDEX "CETUS"."SYS_C007609" ON "CETUS"."TBL_MEMBER" ("USERID") 
  PCTFREE 10 INITRANS 2 MAXTRANS 255 COMPUTE STATISTICS 
  STORAGE(INITIAL 65536 NEXT 1048576 MINEXTENTS 1 MAXEXTENTS 2147483645
  PCTINCREASE 0 FREELISTS 1 FREELIST GROUPS 1 BUFFER_POOL DEFAULT FLASH_CACHE DEFAULT CELL_FLASH_CACHE DEFAULT)
  TABLESPACE "SYSTEM" ;
--------------------------------------------------------
--  DDL for Index SYS_C007558
--------------------------------------------------------

  CREATE UNIQUE INDEX "CETUS"."SYS_C007558" ON "CETUS"."TBL_NOTICE" ("NNO") 
  PCTFREE 10 INITRANS 2 MAXTRANS 255 COMPUTE STATISTICS 
  STORAGE(INITIAL 65536 NEXT 1048576 MINEXTENTS 1 MAXEXTENTS 2147483645
  PCTINCREASE 0 FREELISTS 1 FREELIST GROUPS 1 BUFFER_POOL DEFAULT FLASH_CACHE DEFAULT CELL_FLASH_CACHE DEFAULT)
  TABLESPACE "SYSTEM" ;
--------------------------------------------------------
--  DDL for Index SYS_C007533
--------------------------------------------------------

  CREATE UNIQUE INDEX "CETUS"."SYS_C007533" ON "CETUS"."TBL_REPLY" ("RNO") 
  PCTFREE 10 INITRANS 2 MAXTRANS 255 COMPUTE STATISTICS 
  STORAGE(INITIAL 65536 NEXT 1048576 MINEXTENTS 1 MAXEXTENTS 2147483645
  PCTINCREASE 0 FREELISTS 1 FREELIST GROUPS 1 BUFFER_POOL DEFAULT FLASH_CACHE DEFAULT CELL_FLASH_CACHE DEFAULT)
  TABLESPACE "SYSTEM" ;
--------------------------------------------------------
--  DDL for Index SYS_C007641
--------------------------------------------------------

  CREATE UNIQUE INDEX "CETUS"."SYS_C007641" ON "CETUS"."TBL_USERREG" ("ID") 
  PCTFREE 10 INITRANS 2 MAXTRANS 255 COMPUTE STATISTICS 
  STORAGE(INITIAL 65536 NEXT 1048576 MINEXTENTS 1 MAXEXTENTS 2147483645
  PCTINCREASE 0 FREELISTS 1 FREELIST GROUPS 1 BUFFER_POOL DEFAULT FLASH_CACHE DEFAULT CELL_FLASH_CACHE DEFAULT)
  TABLESPACE "SYSTEM" ;
--------------------------------------------------------
--  DDL for Index SYS_C007642
--------------------------------------------------------

  CREATE UNIQUE INDEX "CETUS"."SYS_C007642" ON "CETUS"."TBL_USERREG" ("EMAIL") 
  PCTFREE 10 INITRANS 2 MAXTRANS 255 COMPUTE STATISTICS 
  STORAGE(INITIAL 65536 NEXT 1048576 MINEXTENTS 1 MAXEXTENTS 2147483645
  PCTINCREASE 0 FREELISTS 1 FREELIST GROUPS 1 BUFFER_POOL DEFAULT FLASH_CACHE DEFAULT CELL_FLASH_CACHE DEFAULT)
  TABLESPACE "SYSTEM" ;
--------------------------------------------------------
--  DDL for Index SYS_C007678
--------------------------------------------------------

  CREATE UNIQUE INDEX "CETUS"."SYS_C007678" ON "CETUS"."TEST_MEMBER" ("MCODE") 
  PCTFREE 10 INITRANS 2 MAXTRANS 255 COMPUTE STATISTICS 
  STORAGE(INITIAL 65536 NEXT 1048576 MINEXTENTS 1 MAXEXTENTS 2147483645
  PCTINCREASE 0 FREELISTS 1 FREELIST GROUPS 1 BUFFER_POOL DEFAULT FLASH_CACHE DEFAULT CELL_FLASH_CACHE DEFAULT)
  TABLESPACE "SYSTEM" ;
--------------------------------------------------------
--  DDL for Index SYS_C007671
--------------------------------------------------------

  CREATE UNIQUE INDEX "CETUS"."SYS_C007671" ON "CETUS"."TEST_STUDENT" ("STUNO") 
  PCTFREE 10 INITRANS 2 MAXTRANS 255 COMPUTE STATISTICS 
  STORAGE(INITIAL 65536 NEXT 1048576 MINEXTENTS 1 MAXEXTENTS 2147483645
  PCTINCREASE 0 FREELISTS 1 FREELIST GROUPS 1 BUFFER_POOL DEFAULT FLASH_CACHE DEFAULT CELL_FLASH_CACHE DEFAULT)
  TABLESPACE "SYSTEM" ;
--------------------------------------------------------
--  Constraints for Table BOOK
--------------------------------------------------------

  ALTER TABLE "CETUS"."BOOK" ADD PRIMARY KEY ("ID")
  USING INDEX PCTFREE 10 INITRANS 2 MAXTRANS 255 COMPUTE STATISTICS 
  STORAGE(INITIAL 65536 NEXT 1048576 MINEXTENTS 1 MAXEXTENTS 2147483645
  PCTINCREASE 0 FREELISTS 1 FREELIST GROUPS 1 BUFFER_POOL DEFAULT FLASH_CACHE DEFAULT CELL_FLASH_CACHE DEFAULT)
  TABLESPACE "SYSTEM"  ENABLE;
--------------------------------------------------------
--  Constraints for Table PERSISTENT_LOGINS
--------------------------------------------------------

  ALTER TABLE "CETUS"."PERSISTENT_LOGINS" MODIFY ("USERNAME" NOT NULL ENABLE);
  ALTER TABLE "CETUS"."PERSISTENT_LOGINS" MODIFY ("TOKEN" NOT NULL ENABLE);
  ALTER TABLE "CETUS"."PERSISTENT_LOGINS" MODIFY ("LAST_USED" NOT NULL ENABLE);
  ALTER TABLE "CETUS"."PERSISTENT_LOGINS" ADD PRIMARY KEY ("SERIES")
  USING INDEX PCTFREE 10 INITRANS 2 MAXTRANS 255 COMPUTE STATISTICS 
  STORAGE(INITIAL 65536 NEXT 1048576 MINEXTENTS 1 MAXEXTENTS 2147483645
  PCTINCREASE 0 FREELISTS 1 FREELIST GROUPS 1 BUFFER_POOL DEFAULT FLASH_CACHE DEFAULT CELL_FLASH_CACHE DEFAULT)
  TABLESPACE "SYSTEM"  ENABLE;
--------------------------------------------------------
--  Constraints for Table TBL_ATTACH
--------------------------------------------------------

  ALTER TABLE "CETUS"."TBL_ATTACH" ADD PRIMARY KEY ("UUID")
  USING INDEX PCTFREE 10 INITRANS 2 MAXTRANS 255 COMPUTE STATISTICS 
  STORAGE(INITIAL 65536 NEXT 1048576 MINEXTENTS 1 MAXEXTENTS 2147483645
  PCTINCREASE 0 FREELISTS 1 FREELIST GROUPS 1 BUFFER_POOL DEFAULT FLASH_CACHE DEFAULT CELL_FLASH_CACHE DEFAULT)
  TABLESPACE "SYSTEM"  ENABLE;
--------------------------------------------------------
--  Constraints for Table TBL_BOARD
--------------------------------------------------------

  ALTER TABLE "CETUS"."TBL_BOARD" MODIFY ("BNO" NOT NULL ENABLE);
  ALTER TABLE "CETUS"."TBL_BOARD" ADD PRIMARY KEY ("BNO")
  USING INDEX PCTFREE 10 INITRANS 2 MAXTRANS 255 COMPUTE STATISTICS 
  STORAGE(INITIAL 65536 NEXT 1048576 MINEXTENTS 1 MAXEXTENTS 2147483645
  PCTINCREASE 0 FREELISTS 1 FREELIST GROUPS 1 BUFFER_POOL DEFAULT FLASH_CACHE DEFAULT CELL_FLASH_CACHE DEFAULT)
  TABLESPACE "SYSTEM"  ENABLE;
--------------------------------------------------------
--  Constraints for Table TBL_CATEGORY
--------------------------------------------------------

  ALTER TABLE "CETUS"."TBL_CATEGORY" MODIFY ("CATENAME" NOT NULL ENABLE);
  ALTER TABLE "CETUS"."TBL_CATEGORY" MODIFY ("CATECODE" NOT NULL ENABLE);
  ALTER TABLE "CETUS"."TBL_CATEGORY" ADD PRIMARY KEY ("CATECODE")
  USING INDEX PCTFREE 10 INITRANS 2 MAXTRANS 255 COMPUTE STATISTICS 
  STORAGE(INITIAL 65536 NEXT 1048576 MINEXTENTS 1 MAXEXTENTS 2147483645
  PCTINCREASE 0 FREELISTS 1 FREELIST GROUPS 1 BUFFER_POOL DEFAULT FLASH_CACHE DEFAULT CELL_FLASH_CACHE DEFAULT)
  TABLESPACE "SYSTEM"  ENABLE;
--------------------------------------------------------
--  Constraints for Table TBL_FAVORITE
--------------------------------------------------------

  ALTER TABLE "CETUS"."TBL_FAVORITE" MODIFY ("BNO" NOT NULL ENABLE);
  ALTER TABLE "CETUS"."TBL_FAVORITE" MODIFY ("CARTE" NOT NULL ENABLE);
  ALTER TABLE "CETUS"."TBL_FAVORITE" MODIFY ("TITLE" NOT NULL ENABLE);
  ALTER TABLE "CETUS"."TBL_FAVORITE" MODIFY ("CASH" NOT NULL ENABLE);
  ALTER TABLE "CETUS"."TBL_FAVORITE" MODIFY ("ID" NOT NULL ENABLE);
--------------------------------------------------------
--  Constraints for Table TBL_MEMBER
--------------------------------------------------------

  ALTER TABLE "CETUS"."TBL_MEMBER" MODIFY ("USERID" NOT NULL ENABLE);
  ALTER TABLE "CETUS"."TBL_MEMBER" MODIFY ("USERPW" NOT NULL ENABLE);
  ALTER TABLE "CETUS"."TBL_MEMBER" MODIFY ("USERNAME" NOT NULL ENABLE);
  ALTER TABLE "CETUS"."TBL_MEMBER" ADD PRIMARY KEY ("USERID")
  USING INDEX PCTFREE 10 INITRANS 2 MAXTRANS 255 COMPUTE STATISTICS 
  STORAGE(INITIAL 65536 NEXT 1048576 MINEXTENTS 1 MAXEXTENTS 2147483645
  PCTINCREASE 0 FREELISTS 1 FREELIST GROUPS 1 BUFFER_POOL DEFAULT FLASH_CACHE DEFAULT CELL_FLASH_CACHE DEFAULT)
  TABLESPACE "SYSTEM"  ENABLE;
--------------------------------------------------------
--  Constraints for Table TBL_MEMBER_AUTH
--------------------------------------------------------

  ALTER TABLE "CETUS"."TBL_MEMBER_AUTH" MODIFY ("USERID" NOT NULL ENABLE);
  ALTER TABLE "CETUS"."TBL_MEMBER_AUTH" MODIFY ("AUTH" NOT NULL ENABLE);
--------------------------------------------------------
--  Constraints for Table TBL_MYDOWNFILE
--------------------------------------------------------

  ALTER TABLE "CETUS"."TBL_MYDOWNFILE" MODIFY ("BNO" NOT NULL ENABLE);
--------------------------------------------------------
--  Constraints for Table TBL_NOTICE
--------------------------------------------------------

  ALTER TABLE "CETUS"."TBL_NOTICE" MODIFY ("NNO" NOT NULL ENABLE);
  ALTER TABLE "CETUS"."TBL_NOTICE" MODIFY ("NTITLE" NOT NULL ENABLE);
  ALTER TABLE "CETUS"."TBL_NOTICE" MODIFY ("NCONTENT" NOT NULL ENABLE);
  ALTER TABLE "CETUS"."TBL_NOTICE" MODIFY ("NWRITER" NOT NULL ENABLE);
  ALTER TABLE "CETUS"."TBL_NOTICE" MODIFY ("NREG_DATE" NOT NULL ENABLE);
  ALTER TABLE "CETUS"."TBL_NOTICE" ADD PRIMARY KEY ("NNO")
  USING INDEX PCTFREE 10 INITRANS 2 MAXTRANS 255 COMPUTE STATISTICS 
  STORAGE(INITIAL 65536 NEXT 1048576 MINEXTENTS 1 MAXEXTENTS 2147483645
  PCTINCREASE 0 FREELISTS 1 FREELIST GROUPS 1 BUFFER_POOL DEFAULT FLASH_CACHE DEFAULT CELL_FLASH_CACHE DEFAULT)
  TABLESPACE "SYSTEM"  ENABLE;
--------------------------------------------------------
--  Constraints for Table TBL_REPLY
--------------------------------------------------------

  ALTER TABLE "CETUS"."TBL_REPLY" MODIFY ("RNO" NOT NULL ENABLE);
  ALTER TABLE "CETUS"."TBL_REPLY" ADD PRIMARY KEY ("RNO")
  USING INDEX PCTFREE 10 INITRANS 2 MAXTRANS 255 COMPUTE STATISTICS 
  STORAGE(INITIAL 65536 NEXT 1048576 MINEXTENTS 1 MAXEXTENTS 2147483645
  PCTINCREASE 0 FREELISTS 1 FREELIST GROUPS 1 BUFFER_POOL DEFAULT FLASH_CACHE DEFAULT CELL_FLASH_CACHE DEFAULT)
  TABLESPACE "SYSTEM"  ENABLE;
--------------------------------------------------------
--  Constraints for Table TBL_USERREG
--------------------------------------------------------

  ALTER TABLE "CETUS"."TBL_USERREG" MODIFY ("PW" NOT NULL ENABLE);
  ALTER TABLE "CETUS"."TBL_USERREG" MODIFY ("RPW" NOT NULL ENABLE);
  ALTER TABLE "CETUS"."TBL_USERREG" MODIFY ("ROOT" NOT NULL ENABLE);
  ALTER TABLE "CETUS"."TBL_USERREG" ADD PRIMARY KEY ("ID")
  USING INDEX PCTFREE 10 INITRANS 2 MAXTRANS 255 COMPUTE STATISTICS 
  STORAGE(INITIAL 65536 NEXT 1048576 MINEXTENTS 1 MAXEXTENTS 2147483645
  PCTINCREASE 0 FREELISTS 1 FREELIST GROUPS 1 BUFFER_POOL DEFAULT FLASH_CACHE DEFAULT CELL_FLASH_CACHE DEFAULT)
  TABLESPACE "SYSTEM"  ENABLE;
  ALTER TABLE "CETUS"."TBL_USERREG" ADD UNIQUE ("EMAIL")
  USING INDEX PCTFREE 10 INITRANS 2 MAXTRANS 255 COMPUTE STATISTICS 
  STORAGE(INITIAL 65536 NEXT 1048576 MINEXTENTS 1 MAXEXTENTS 2147483645
  PCTINCREASE 0 FREELISTS 1 FREELIST GROUPS 1 BUFFER_POOL DEFAULT FLASH_CACHE DEFAULT CELL_FLASH_CACHE DEFAULT)
  TABLESPACE "SYSTEM"  ENABLE;
--------------------------------------------------------
--  Constraints for Table TEST_MEMBER
--------------------------------------------------------

  ALTER TABLE "CETUS"."TEST_MEMBER" ADD PRIMARY KEY ("MCODE")
  USING INDEX PCTFREE 10 INITRANS 2 MAXTRANS 255 COMPUTE STATISTICS 
  STORAGE(INITIAL 65536 NEXT 1048576 MINEXTENTS 1 MAXEXTENTS 2147483645
  PCTINCREASE 0 FREELISTS 1 FREELIST GROUPS 1 BUFFER_POOL DEFAULT FLASH_CACHE DEFAULT CELL_FLASH_CACHE DEFAULT)
  TABLESPACE "SYSTEM"  ENABLE;
--------------------------------------------------------
--  Constraints for Table TEST_STUDENT
--------------------------------------------------------

  ALTER TABLE "CETUS"."TEST_STUDENT" ADD UNIQUE ("STUNO")
  USING INDEX PCTFREE 10 INITRANS 2 MAXTRANS 255 COMPUTE STATISTICS 
  STORAGE(INITIAL 65536 NEXT 1048576 MINEXTENTS 1 MAXEXTENTS 2147483645
  PCTINCREASE 0 FREELISTS 1 FREELIST GROUPS 1 BUFFER_POOL DEFAULT FLASH_CACHE DEFAULT CELL_FLASH_CACHE DEFAULT)
  TABLESPACE "SYSTEM"  ENABLE;
--------------------------------------------------------
--  Ref Constraints for Table TBL_ATTACH
--------------------------------------------------------

  ALTER TABLE "CETUS"."TBL_ATTACH" ADD CONSTRAINT "FK_BNO" FOREIGN KEY ("BNO")
	  REFERENCES "CETUS"."TBL_BOARD" ("BNO") ENABLE;
--------------------------------------------------------
--  Ref Constraints for Table TBL_CATEGORY
--------------------------------------------------------

  ALTER TABLE "CETUS"."TBL_CATEGORY" ADD CONSTRAINT "FK_TBL_CATEGORY_CATECODEREF_TB" FOREIGN KEY ("CATECODEREF")
	  REFERENCES "CETUS"."TBL_CATEGORY" ("CATECODE") ENABLE;
--------------------------------------------------------
--  Ref Constraints for Table TBL_MEMBER_AUTH
--------------------------------------------------------

  ALTER TABLE "CETUS"."TBL_MEMBER_AUTH" ADD CONSTRAINT "FK_TBL_MEMBER_AUTH_USERID_TBL_" FOREIGN KEY ("USERID")
	  REFERENCES "CETUS"."TBL_MEMBER" ("USERID") ENABLE;
--------------------------------------------------------
--  Ref Constraints for Table TBL_REPLY
--------------------------------------------------------

  ALTER TABLE "CETUS"."TBL_REPLY" ADD CONSTRAINT "FK_TBL_REPLY_BNO_TBL_BOARD_BNO" FOREIGN KEY ("BNO")
	  REFERENCES "CETUS"."TBL_BOARD" ("BNO") ON DELETE CASCADE ENABLE;
--------------------------------------------------------
--  Ref Constraints for Table TBL_USERREG_AUTH
--------------------------------------------------------

  ALTER TABLE "CETUS"."TBL_USERREG_AUTH" ADD FOREIGN KEY ("ID")
	  REFERENCES "CETUS"."TBL_USERREG" ("ID") ENABLE;
